trade_id,policy,counterfactual_r
0,baseline,-2.759866432337856
0,breakeven_after_0_5r,0.0
0,breakeven_after_1_0r,0.0
0,exit_at_first_0_5r,0.5
0,exit_at_first_1_0r,1.0
0,trail_0_5r_after_1_0r,0.5400258550261248
0,time_exit_after_4_bars_if_mfe_lt_0_3r,-2.759866432337856
0,partial_50pct_at_1r,-0.879933216168928
1,baseline,-0.3021536549755927
1,breakeven_after_0_5r,-0.3021536549755927
1,breakeven_after_1_0r,-0.3021536549755927
1,exit_at_first_0_5r,-0.3021536549755927
1,exit_at_first_1_0r,-0.3021536549755927
1,trail_0_5r_after_1_0r,-0.3021536549755927
1,time_exit_after_4_bars_if_mfe_lt_0_3r,-0.3021536549755927
1,partial_50pct_at_1r,-0.3021536549755927
2,baseline,-2.5205992372830193
2,breakeven_after_0_5r,0.0
2,breakeven_after_1_0r,0.0
2,exit_at_first_0_5r,0.5
2,exit_at_first_1_0r,1.0
2,trail_0_5r_after_1_0r,0.9681921352293958
2,time_exit_after_4_bars_if_mfe_lt_0_3r,-2.5205992372830193
2,partial_50pct_at_1r,-0.7602996186415096
3,baseline,1.5592568245158864
3,breakeven_after_0_5r,0.0
3,breakeven_after_1_0r,0.0
3,exit_at_first_0_5r,0.5
3,exit_at_first_1_0r,1.0
3,trail_0_5r_after_1_0r,1.1620450187831926
3,time_exit_after_4_bars_if_mfe_lt_0_3r,1.5592568245158864
3,partial_50pct_at_1r,1.279628412257943
4,baseline,0.5954139873923537
4,breakeven_after_0_5r,0.0
4,breakeven_after_1_0r,0.0
4,exit_at_first_0_5r,0.5
4,exit_at_first_1_0r,1.0
4,trail_0_5r_after_1_0r,0.549247147605368
4,time_exit_after_4_bars_if_mfe_lt_0_3r,0.5954139873923537
4,partial_50pct_at_1r,0.7977069936961769
5,baseline,-2.7366606227671055
5,breakeven_after_0_5r,0.0
5,breakeven_after_1_0r,0.0
5,exit_at_first_0_5r,0.5
5,exit_at_first_1_0r,1.0
5,trail_0_5r_after_1_0r,0.5817296340935822
5,time_exit_after_4_bars_if_mfe_lt_0_3r,-2.7366606227671055
5,partial_50pct_at_1r,-0.8683303113835528
6,baseline,0.9883816260852935
6,breakeven_after_0_5r,0.0
6,breakeven_after_1_0r,0.0
6,exit_at_first_0_5r,0.5
6,exit_at_first_1_0r,1.0
6,trail_0_5r_after_1_0r,0.7798266803617286
6,time_exit_after_4_bars_if_mfe_lt_0_3r,0.9883816260852935
6,partial_50pct_at_1r,0.9941908130426467
7,baseline,2.810488407956623
7,breakeven_after_0_5r,2.810488407956623
7,breakeven_after_1_0r,2.810488407956623
7,exit_at_first_0_5r,0.5
7,exit_at_first_1_0r,1.0
7,trail_0_5r_after_1_0r,0.5159626043202712
7,time_exit_after_4_bars_if_mfe_lt_0_3r,2.810488407956623
7,partial_50pct_at_1r,1.9052442039783115
8,baseline,0.11943887454474966
8,breakeven_after_0_5r,0.0
8,breakeven_after_1_0r,0.0
8,exit_at_first_0_5r,0.5
8,exit_at_first_1_0r,1.0
8,trail_0_5r_after_1_0r,0.7715737299047185
8,time_exit_after_4_bars_if_mfe_lt_0_3r,0.11943887454474966
8,partial_50pct_at_1r,0.5597194372723748
9,baseline,0.014047214325983794
9,breakeven_after_0_5r,0.0
9,breakeven_after_1_0r,0.0
9,exit_at_first_0_5r,0.5
9,exit_at_first_1_0r,1.0
9,trail_0_5r_after_1_0r,0.6282982709605771
9,time_exit_after_4_bars_if_mfe_lt_0_3r,0.014047214325983794
9,partial_50pct_at_1r,0.5070236071629919
10,baseline,3.9991301098739
10,breakeven_after_0_5r,0.0
10,breakeven_after_1_0r,0.0
10,exit_at_first_0_5r,0.5
10,exit_at_first_1_0r,1.0
10,trail_0_5r_after_1_0r,1.9908862061429486
10,time_exit_after_4_bars_if_mfe_lt_0_3r,3.9991301098739
10,partial_50pct_at_1r,2.4995650549369497
11,baseline,0.4622165292963629
11,breakeven_after_0_5r,0.0
11,breakeven_after_1_0r,0.0
11,exit_at_first_0_5r,0.5
11,exit_at_first_1_0r,1.0
11,trail_0_5r_after_1_0r,0.9628615082072038
11,time_exit_after_4_bars_if_mfe_lt_0_3r,0.4622165292963629
11,partial_50pct_at_1r,0.7311082646481815
12,baseline,2.0434484266243564
12,breakeven_after_0_5r,0.0
12,breakeven_after_1_0r,0.0
12,exit_at_first_0_5r,0.5
12,exit_at_first_1_0r,1.0
12,trail_0_5r_after_1_0r,0.7415347730822295
12,time_exit_after_4_bars_if_mfe_lt_0_3r,2.0434484266243564
12,partial_50pct_at_1r,1.5217242133121782
13,baseline,2.155195461287423
13,breakeven_after_0_5r,0.0
13,breakeven_after_1_0r,2.155195461287423
13,exit_at_first_0_5r,0.5
13,exit_at_first_1_0r,1.0
13,trail_0_5r_after_1_0r,0.5166666577327894
13,time_exit_after_4_bars_if_mfe_lt_0_3r,2.155195461287423
13,partial_50pct_at_1r,1.5775977306437114
14,baseline,-8.638127745073625
14,breakeven_after_0_5r,0.0
14,breakeven_after_1_0r,0.0
14,exit_at_first_0_5r,0.5
14,exit_at_first_1_0r,1.0
14,trail_0_5r_after_1_0r,0.7123948418399448
14,time_exit_after_4_bars_if_mfe_lt_0_3r,-8.638127745073625
14,partial_50pct_at_1r,-3.8190638725368125
15,baseline,-2.274596826944233
15,breakeven_after_0_5r,0.0
15,breakeven_after_1_0r,-2.274596826944233
15,exit_at_first_0_5r,0.5
15,exit_at_first_1_0r,-2.274596826944233
15,trail_0_5r_after_1_0r,-2.274596826944233
15,time_exit_after_4_bars_if_mfe_lt_0_3r,-2.274596826944233
15,partial_50pct_at_1r,-2.274596826944233
16,baseline,-0.355720476359642
16,breakeven_after_0_5r,0.0
16,breakeven_after_1_0r,0.0
16,exit_at_first_0_5r,0.5
16,exit_at_first_1_0r,1.0
16,trail_0_5r_after_1_0r,0.7953301306495049
16,time_exit_after_4_bars_if_mfe_lt_0_3r,-0.355720476359642
16,partial_50pct_at_1r,0.322139761820179
17,baseline,0.8362472162286834
17,breakeven_after_0_5r,0.0
17,breakeven_after_1_0r,0.0
17,exit_at_first_0_5r,0.5
17,exit_at_first_1_0r,1.0
17,trail_0_5r_after_1_0r,0.6126757328385135
17,time_exit_after_4_bars_if_mfe_lt_0_3r,0.8362472162286834
17,partial_50pct_at_1r,0.9181236081143417
18,baseline,-0.8256509255470976
18,breakeven_after_0_5r,0.0
18,breakeven_after_1_0r,0.0
18,exit_at_first_0_5r,0.5
18,exit_at_first_1_0r,1.0
18,trail_0_5r_after_1_0r,0.9621689382048966
18,time_exit_after_4_bars_if_mfe_lt_0_3r,-0.8256509255470976
18,partial_50pct_at_1r,0.08717453722645119
19,baseline,0.665776752128736
19,breakeven_after_0_5r,0.0
19,breakeven_after_1_0r,0.0
19,exit_at_first_0_5r,0.5
19,exit_at_first_1_0r,1.0
19,trail_0_5r_after_1_0r,0.8396482413877022
19,time_exit_after_4_bars_if_mfe_lt_0_3r,0.665776752128736
19,partial_50pct_at_1r,0.8328883760643679
20,baseline,0.055121597372569664
20,breakeven_after_0_5r,0.0
20,breakeven_after_1_0r,0.055121597372569664
20,exit_at_first_0_5r,0.5
20,exit_at_first_1_0r,0.055121597372569664
20,trail_0_5r_after_1_0r,0.055121597372569664
20,time_exit_after_4_bars_if_mfe_lt_0_3r,0.055121597372569664
20,partial_50pct_at_1r,0.055121597372569664
21,baseline,-5.157517032320658
21,breakeven_after_0_5r,0.0
21,breakeven_after_1_0r,0.0
21,exit_at_first_0_5r,0.5
21,exit_at_first_1_0r,1.0
21,trail_0_5r_after_1_0r,1.943212141591009
21,time_exit_after_4_bars_if_mfe_lt_0_3r,-5.157517032320658
21,partial_50pct_at_1r,-2.078758516160329
22,baseline,1.2881920179986075
22,breakeven_after_0_5r,0.0
22,breakeven_after_1_0r,1.2881920179986075
22,exit_at_first_0_5r,0.5
22,exit_at_first_1_0r,1.0
22,trail_0_5r_after_1_0r,0.6616069489012348
22,time_exit_after_4_bars_if_mfe_lt_0_3r,1.2881920179986075
22,partial_50pct_at_1r,1.1440960089993037
23,baseline,8.96795225262736
23,breakeven_after_0_5r,0.0
23,breakeven_after_1_0r,8.96795225262736
23,exit_at_first_0_5r,0.5
23,exit_at_first_1_0r,1.0
23,trail_0_5r_after_1_0r,1.1165869823168866
23,time_exit_after_4_bars_if_mfe_lt_0_3r,8.96795225262736
23,partial_50pct_at_1r,4.98397612631368
24,baseline,2.912186788779024
24,breakeven_after_0_5r,2.912186788779024
24,breakeven_after_1_0r,2.912186788779024
24,exit_at_first_0_5r,0.5
24,exit_at_first_1_0r,1.0
24,trail_0_5r_after_1_0r,0.7188788686141447
24,time_exit_after_4_bars_if_mfe_lt_0_3r,2.912186788779024
24,partial_50pct_at_1r,1.956093394389512
25,baseline,0.5945492501103102
25,breakeven_after_0_5r,0.0
25,breakeven_after_1_0r,0.5945492501103102
25,exit_at_first_0_5r,0.5
25,exit_at_first_1_0r,0.5945492501103102
25,trail_0_5r_after_1_0r,0.5945492501103102
25,time_exit_after_4_bars_if_mfe_lt_0_3r,-1.2918440970980816
25,partial_50pct_at_1r,0.5945492501103102
26,baseline,-0.2056784211888053
26,breakeven_after_0_5r,0.0
26,breakeven_after_1_0r,0.0
26,exit_at_first_0_5r,0.5
26,exit_at_first_1_0r,1.0
26,trail_0_5r_after_1_0r,0.8503467183741114
26,time_exit_after_4_bars_if_mfe_lt_0_3r,-0.2056784211888053
26,partial_50pct_at_1r,0.39716078940559735
27,baseline,-0.9111901142038749
27,breakeven_after_0_5r,0.0
27,breakeven_after_1_0r,0.0
27,exit_at_first_0_5r,0.5
27,exit_at_first_1_0r,1.0
27,trail_0_5r_after_1_0r,0.514658111701378
27,time_exit_after_4_bars_if_mfe_lt_0_3r,-0.9111901142038749
27,partial_50pct_at_1r,0.04440494289806257
28,baseline,0.10397082604831977
28,breakeven_after_0_5r,0.0
28,breakeven_after_1_0r,0.0
28,exit_at_first_0_5r,0.5
28,exit_at_first_1_0r,1.0
28,trail_0_5r_after_1_0r,1.1875691713014505
28,time_exit_after_4_bars_if_mfe_lt_0_3r,0.10397082604831977
28,partial_50pct_at_1r,0.5519854130241599
29,baseline,1.9989180005427345
29,breakeven_after_0_5r,0.0
29,breakeven_after_1_0r,0.0
29,exit_at_first_0_5r,0.5
29,exit_at_first_1_0r,1.0
29,trail_0_5r_after_1_0r,1.0788870937252515
29,time_exit_after_4_bars_if_mfe_lt_0_3r,1.9989180005427345
29,partial_50pct_at_1r,1.4994590002713672
30,baseline,0.17769335052232915
30,breakeven_after_0_5r,0.0
30,breakeven_after_1_0r,0.0
30,exit_at_first_0_5r,0.5
30,exit_at_first_1_0r,1.0
30,trail_0_5r_after_1_0r,1.4922111422312876
30,time_exit_after_4_bars_if_mfe_lt_0_3r,0.17769335052232915
30,partial_50pct_at_1r,0.5888466752611645
31,baseline,-0.6061284581321811
31,breakeven_after_0_5r,0.0
31,breakeven_after_1_0r,0.0
31,exit_at_first_0_5r,0.5
31,exit_at_first_1_0r,1.0
31,trail_0_5r_after_1_0r,0.5680375626230629
31,time_exit_after_4_bars_if_mfe_lt_0_3r,-0.6061284581321811
31,partial_50pct_at_1r,0.19693577093390946
32,baseline,6.110072914451225
32,breakeven_after_0_5r,0.0
32,breakeven_after_1_0r,0.0
32,exit_at_first_0_5r,0.5
32,exit_at_first_1_0r,1.0
32,trail_0_5r_after_1_0r,1.4378121886422623
32,time_exit_after_4_bars_if_mfe_lt_0_3r,6.110072914451225
32,partial_50pct_at_1r,3.5550364572256123
33,baseline,0.29068293809774126
33,breakeven_after_0_5r,0.0
33,breakeven_after_1_0r,0.0
33,exit_at_first_0_5r,0.5
33,exit_at_first_1_0r,1.0
33,trail_0_5r_after_1_0r,0.8722967073434649
33,time_exit_after_4_bars_if_mfe_lt_0_3r,0.29068293809774126
33,partial_50pct_at_1r,0.6453414690488706
34,baseline,1.9622606078339098
34,breakeven_after_0_5r,0.0
34,breakeven_after_1_0r,0.0
34,exit_at_first_0_5r,0.5
34,exit_at_first_1_0r,1.0
34,trail_0_5r_after_1_0r,0.5608905518154941
34,time_exit_after_4_bars_if_mfe_lt_0_3r,1.9622606078339098
34,partial_50pct_at_1r,1.481130303916955
35,baseline,-4.049531561909061
35,breakeven_after_0_5r,0.0
35,breakeven_after_1_0r,0.0
35,exit_at_first_0_5r,0.5
35,exit_at_first_1_0r,1.0
35,trail_0_5r_after_1_0r,5.592448513434691
35,time_exit_after_4_bars_if_mfe_lt_0_3r,-4.049531561909061
35,partial_50pct_at_1r,-1.5247657809545303
36,baseline,2.8079399897219446
36,breakeven_after_0_5r,0.0
36,breakeven_after_1_0r,2.8079399897219446
36,exit_at_first_0_5r,0.5
36,exit_at_first_1_0r,1.0
36,trail_0_5r_after_1_0r,0.7713581587923379
36,time_exit_after_4_bars_if_mfe_lt_0_3r,2.8079399897219446
36,partial_50pct_at_1r,1.9039699948609723
37,baseline,3.4813013619543125
37,breakeven_after_0_5r,0.0
37,breakeven_after_1_0r,0.0
37,exit_at_first_0_5r,0.5
37,exit_at_first_1_0r,1.0
37,trail_0_5r_after_1_0r,0.9157994140679506
37,time_exit_after_4_bars_if_mfe_lt_0_3r,3.4813013619543125
37,partial_50pct_at_1r,2.240650680977156
38,baseline,-0.4598669237518387
38,breakeven_after_0_5r,0.0
38,breakeven_after_1_0r,0.0
38,exit_at_first_0_5r,0.5
38,exit_at_first_1_0r,1.0
38,trail_0_5r_after_1_0r,1.0251560790852823
38,time_exit_after_4_bars_if_mfe_lt_0_3r,-0.4598669237518387
38,partial_50pct_at_1r,0.27006653812408066
39,baseline,1.8684161002645558
39,breakeven_after_0_5r,0.0
39,breakeven_after_1_0r,0.0
39,exit_at_first_0_5r,0.5
39,exit_at_first_1_0r,1.0
39,trail_0_5r_after_1_0r,0.7080081250397183
39,time_exit_after_4_bars_if_mfe_lt_0_3r,1.8684161002645558
39,partial_50pct_at_1r,1.4342080501322778
40,baseline,3.724381356595822
40,breakeven_after_0_5r,0.0
40,breakeven_after_1_0r,0.0
40,exit_at_first_0_5r,0.5
40,exit_at_first_1_0r,1.0
40,trail_0_5r_after_1_0r,0.965180112702845
40,time_exit_after_4_bars_if_mfe_lt_0_3r,3.724381356595822
40,partial_50pct_at_1r,2.362190678297911
41,baseline,1.797281390278617
41,breakeven_after_0_5r,0.0
41,breakeven_after_1_0r,0.0
41,exit_at_first_0_5r,0.5
41,exit_at_first_1_0r,1.0
41,trail_0_5r_after_1_0r,0.8894448084248725
41,time_exit_after_4_bars_if_mfe_lt_0_3r,1.797281390278617
41,partial_50pct_at_1r,1.3986406951393087
42,baseline,-1.1161464466358795
42,breakeven_after_0_5r,0.0
42,breakeven_after_1_0r,0.0
42,exit_at_first_0_5r,0.5
42,exit_at_first_1_0r,1.0
42,trail_0_5r_after_1_0r,0.5973861639532769
42,time_exit_after_4_bars_if_mfe_lt_0_3r,-1.1161464466358795
42,partial_50pct_at_1r,-0.05807322331793974
43,baseline,-4.5697149463824385
43,breakeven_after_0_5r,0.0
43,breakeven_after_1_0r,0.0
43,exit_at_first_0_5r,0.5
43,exit_at_first_1_0r,1.0
43,trail_0_5r_after_1_0r,1.606973001173686
43,time_exit_after_4_bars_if_mfe_lt_0_3r,-4.5697149463824385
43,partial_50pct_at_1r,-1.7848574731912192
44,baseline,3.4855586977017325
44,breakeven_after_0_5r,0.0
44,breakeven_after_1_0r,3.4855586977017325
44,exit_at_first_0_5r,0.5
44,exit_at_first_1_0r,1.0
44,trail_0_5r_after_1_0r,1.403217745921243
44,time_exit_after_4_bars_if_mfe_lt_0_3r,3.4855586977017325
44,partial_50pct_at_1r,2.242779348850866
45,baseline,2.83151355724549
45,breakeven_after_0_5r,0.0
45,breakeven_after_1_0r,0.0
45,exit_at_first_0_5r,0.5
45,exit_at_first_1_0r,1.0
45,trail_0_5r_after_1_0r,1.0425019468239989
45,time_exit_after_4_bars_if_mfe_lt_0_3r,2.83151355724549
45,partial_50pct_at_1r,1.915756778622745
46,baseline,-1.4196874680365712
46,breakeven_after_0_5r,0.0
46,breakeven_after_1_0r,0.0
46,exit_at_first_0_5r,0.5
46,exit_at_first_1_0r,1.0
46,trail_0_5r_after_1_0r,0.7548738257918621
46,time_exit_after_4_bars_if_mfe_lt_0_3r,-1.4196874680365712
46,partial_50pct_at_1r,-0.2098437340182856
47,baseline,-4.661352192296461
47,breakeven_after_0_5r,0.0
47,breakeven_after_1_0r,0.0
47,exit_at_first_0_5r,0.5
47,exit_at_first_1_0r,1.0
47,trail_0_5r_after_1_0r,0.5290806960545826
47,time_exit_after_4_bars_if_mfe_lt_0_3r,-4.661352192296461
47,partial_50pct_at_1r,-1.8306760961482307
48,baseline,1.7870327465005098
48,breakeven_after_0_5r,0.0
48,breakeven_after_1_0r,0.0
48,exit_at_first_0_5r,0.5
48,exit_at_first_1_0r,1.0
48,trail_0_5r_after_1_0r,1.6267596395876014
48,time_exit_after_4_bars_if_mfe_lt_0_3r,-1.7763276535192045
48,partial_50pct_at_1r,1.393516373250255
49,baseline,-1.7923053932828685
49,breakeven_after_0_5r,0.0
49,breakeven_after_1_0r,0.0
49,exit_at_first_0_5r,0.5
49,exit_at_first_1_0r,1.0
49,trail_0_5r_after_1_0r,7.5759786224365655
49,time_exit_after_4_bars_if_mfe_lt_0_3r,-1.7923053932828685
49,partial_50pct_at_1r,-0.39615269664143427
50,baseline,8.956302336852657
50,breakeven_after_0_5r,0.0
50,breakeven_after_1_0r,0.0
50,exit_at_first_0_5r,0.5
50,exit_at_first_1_0r,1.0
50,trail_0_5r_after_1_0r,0.8549800415629554
50,time_exit_after_4_bars_if_mfe_lt_0_3r,8.956302336852657
50,partial_50pct_at_1r,4.978151168426328
51,baseline,-1.1557344281808433
51,breakeven_after_0_5r,0.0
51,breakeven_after_1_0r,0.0
51,exit_at_first_0_5r,0.5
51,exit_at_first_1_0r,1.0
51,trail_0_5r_after_1_0r,1.7571386636228694
51,time_exit_after_4_bars_if_mfe_lt_0_3r,-1.1557344281808433
51,partial_50pct_at_1r,-0.07786721409042163
52,baseline,8.012535411775776
52,breakeven_after_0_5r,0.0
52,breakeven_after_1_0r,0.0
52,exit_at_first_0_5r,0.5
52,exit_at_first_1_0r,1.0
52,trail_0_5r_after_1_0r,1.0510600530889849
52,time_exit_after_4_bars_if_mfe_lt_0_3r,8.012535411775776
52,partial_50pct_at_1r,4.506267705887888
53,baseline,-3.9704856021880377
53,breakeven_after_0_5r,0.0
53,breakeven_after_1_0r,0.0
53,exit_at_first_0_5r,0.5
53,exit_at_first_1_0r,1.0
53,trail_0_5r_after_1_0r,1.1597527388837008
53,time_exit_after_4_bars_if_mfe_lt_0_3r,-3.9704856021880377
53,partial_50pct_at_1r,-1.4852428010940188
54,baseline,-1.4499750372253422
54,breakeven_after_0_5r,0.0
54,breakeven_after_1_0r,0.0
54,exit_at_first_0_5r,0.5
54,exit_at_first_1_0r,1.0
54,trail_0_5r_after_1_0r,1.1233441821117858
54,time_exit_after_4_bars_if_mfe_lt_0_3r,-1.4499750372253422
54,partial_50pct_at_1r,-0.22498751861267108
55,baseline,-3.3784651477641545
55,breakeven_after_0_5r,0.0
55,breakeven_after_1_0r,0.0
55,exit_at_first_0_5r,0.5
55,exit_at_first_1_0r,1.0
55,trail_0_5r_after_1_0r,2.877250835902165
55,time_exit_after_4_bars_if_mfe_lt_0_3r,-3.3784651477641545
55,partial_50pct_at_1r,-1.1892325738820773
56,baseline,-2.8091054270404827
56,breakeven_after_0_5r,0.0
56,breakeven_after_1_0r,0.0
56,exit_at_first_0_5r,0.5
56,exit_at_first_1_0r,1.0
56,trail_0_5r_after_1_0r,0.6906479705010513
56,time_exit_after_4_bars_if_mfe_lt_0_3r,-2.8091054270404827
56,partial_50pct_at_1r,-0.9045527135202414
57,baseline,9.418516424394381
57,breakeven_after_0_5r,0.0
57,breakeven_after_1_0r,0.0
57,exit_at_first_0_5r,0.5
57,exit_at_first_1_0r,1.0
57,trail_0_5r_after_1_0r,1.6839589074789316
57,time_exit_after_4_bars_if_mfe_lt_0_3r,9.418516424394381
57,partial_50pct_at_1r,5.209258212197191
58,baseline,2.316950603983993
58,breakeven_after_0_5r,0.0
58,breakeven_after_1_0r,0.0
58,exit_at_first_0_5r,0.5
58,exit_at_first_1_0r,1.0
58,trail_0_5r_after_1_0r,1.1002804947991531
58,time_exit_after_4_bars_if_mfe_lt_0_3r,2.316950603983993
58,partial_50pct_at_1r,1.6584753019919964
59,baseline,-0.4377118802943797
59,breakeven_after_0_5r,0.0
59,breakeven_after_1_0r,0.0
59,exit_at_first_0_5r,0.5
59,exit_at_first_1_0r,1.0
59,trail_0_5r_after_1_0r,0.6449076698767968
59,time_exit_after_4_bars_if_mfe_lt_0_3r,-0.4377118802943797
59,partial_50pct_at_1r,0.28114405985281016
60,baseline,-0.533654204197168
60,breakeven_after_0_5r,0.0
60,breakeven_after_1_0r,0.0
60,exit_at_first_0_5r,0.5
60,exit_at_first_1_0r,1.0
60,trail_0_5r_after_1_0r,1.080381310036061
60,time_exit_after_4_bars_if_mfe_lt_0_3r,-0.533654204197168
60,partial_50pct_at_1r,0.233172897901416
61,baseline,1.5704572117054334
61,breakeven_after_0_5r,0.0
61,breakeven_after_1_0r,0.0
61,exit_at_first_0_5r,0.5
61,exit_at_first_1_0r,1.0
61,trail_0_5r_after_1_0r,1.0791465843914747
61,time_exit_after_4_bars_if_mfe_lt_0_3r,1.5704572117054334
61,partial_50pct_at_1r,1.2852286058527167
62,baseline,-0.13229844537044472
62,breakeven_after_0_5r,0.0
62,breakeven_after_1_0r,0.0
62,exit_at_first_0_5r,0.5
62,exit_at_first_1_0r,1.0
62,trail_0_5r_after_1_0r,0.5682295175856231
62,time_exit_after_4_bars_if_mfe_lt_0_3r,-0.13229844537044472
62,partial_50pct_at_1r,0.4338507773147776
63,baseline,4.880230281102959
63,breakeven_after_0_5r,0.0
63,breakeven_after_1_0r,0.0
63,exit_at_first_0_5r,0.5
63,exit_at_first_1_0r,1.0
63,trail_0_5r_after_1_0r,1.380671723085295
63,time_exit_after_4_bars_if_mfe_lt_0_3r,4.880230281102959
63,partial_50pct_at_1r,2.9401151405514794
64,baseline,1.1203800530013246
64,breakeven_after_0_5r,0.0
64,breakeven_after_1_0r,1.1203800530013246
64,exit_at_first_0_5r,0.5
64,exit_at_first_1_0r,1.0
64,trail_0_5r_after_1_0r,1.1001796959425685
64,time_exit_after_4_bars_if_mfe_lt_0_3r,1.1203800530013246
64,partial_50pct_at_1r,1.0601900265006623
65,baseline,3.429085628541993
65,breakeven_after_0_5r,0.0
65,breakeven_after_1_0r,3.429085628541993
65,exit_at_first_0_5r,0.5
65,exit_at_first_1_0r,1.0
65,trail_0_5r_after_1_0r,0.5042256476055256
65,time_exit_after_4_bars_if_mfe_lt_0_3r,3.429085628541993
65,partial_50pct_at_1r,2.214542814270996
66,baseline,1.7401952009642934
66,breakeven_after_0_5r,0.0
66,breakeven_after_1_0r,0.0
66,exit_at_first_0_5r,0.5
66,exit_at_first_1_0r,1.0
66,trail_0_5r_after_1_0r,1.6632631733132288
66,time_exit_after_4_bars_if_mfe_lt_0_3r,1.7401952009642934
66,partial_50pct_at_1r,1.3700976004821466
67,baseline,0.9644555596028417
67,breakeven_after_0_5r,0.0
67,breakeven_after_1_0r,0.9644555596028417
67,exit_at_first_0_5r,0.5
67,exit_at_first_1_0r,1.0
67,trail_0_5r_after_1_0r,1.3168267851027913
67,time_exit_after_4_bars_if_mfe_lt_0_3r,0.9644555596028417
67,partial_50pct_at_1r,0.9822277798014208
68,baseline,-7.145529570295427
68,breakeven_after_0_5r,0.0
68,breakeven_after_1_0r,0.0
68,exit_at_first_0_5r,0.5
68,exit_at_first_1_0r,1.0
68,trail_0_5r_after_1_0r,1.8070492955577553
68,time_exit_after_4_bars_if_mfe_lt_0_3r,-7.145529570295427
68,partial_50pct_at_1r,-3.0727647851477133
69,baseline,1.1893337345546502
69,breakeven_after_0_5r,0.0
69,breakeven_after_1_0r,0.0
69,exit_at_first_0_5r,0.5
69,exit_at_first_1_0r,1.0
69,trail_0_5r_after_1_0r,0.5112644193323912
69,time_exit_after_4_bars_if_mfe_lt_0_3r,1.1893337345546502
69,partial_50pct_at_1r,1.0946668672773252
70,baseline,2.596752181908636
70,breakeven_after_0_5r,0.0
70,breakeven_after_1_0r,2.596752181908636
70,exit_at_first_0_5r,0.5
70,exit_at_first_1_0r,1.0
70,trail_0_5r_after_1_0r,1.0603616430082856
70,time_exit_after_4_bars_if_mfe_lt_0_3r,-0.7032029804490711
70,partial_50pct_at_1r,1.798376090954318
71,baseline,0.34920927764034043
71,breakeven_after_0_5r,0.0
71,breakeven_after_1_0r,0.0
71,exit_at_first_0_5r,0.5
71,exit_at_first_1_0r,1.0
71,trail_0_5r_after_1_0r,1.0587157760901815
71,time_exit_after_4_bars_if_mfe_lt_0_3r,0.34920927764034043
71,partial_50pct_at_1r,0.6746046388201702
72,baseline,-1.46587847326013
72,breakeven_after_0_5r,0.0
72,breakeven_after_1_0r,0.0
72,exit_at_first_0_5r,0.5
72,exit_at_first_1_0r,1.0
72,trail_0_5r_after_1_0r,0.5962995519456655
72,time_exit_after_4_bars_if_mfe_lt_0_3r,-1.46587847326013
72,partial_50pct_at_1r,-0.232939236630065
73,baseline,1.6635191772660576
73,breakeven_after_0_5r,0.0
73,breakeven_after_1_0r,0.0
73,exit_at_first_0_5r,0.5
73,exit_at_first_1_0r,1.0
73,trail_0_5r_after_1_0r,0.8246372337546246
73,time_exit_after_4_bars_if_mfe_lt_0_3r,1.6635191772660576
73,partial_50pct_at_1r,1.331759588633029
74,baseline,-0.03831559766287486
74,breakeven_after_0_5r,0.0
74,breakeven_after_1_0r,-0.03831559766287486
74,exit_at_first_0_5r,0.5
74,exit_at_first_1_0r,-0.03831559766287486
74,trail_0_5r_after_1_0r,-0.03831559766287486
74,time_exit_after_4_bars_if_mfe_lt_0_3r,-0.03831559766287486
74,partial_50pct_at_1r,-0.03831559766287486
75,baseline,-0.8518469511956018
75,breakeven_after_0_5r,0.0
75,breakeven_after_1_0r,0.0
75,exit_at_first_0_5r,0.5
75,exit_at_first_1_0r,1.0
75,trail_0_5r_after_1_0r,0.8909926090436391
75,time_exit_after_4_bars_if_mfe_lt_0_3r,-0.8518469511956018
75,partial_50pct_at_1r,0.07407652440219908
76,baseline,4.342399251483761
76,breakeven_after_0_5r,0.0
76,breakeven_after_1_0r,0.0
76,exit_at_first_0_5r,0.5
76,exit_at_first_1_0r,1.0
76,trail_0_5r_after_1_0r,0.5483683773851247
76,time_exit_after_4_bars_if_mfe_lt_0_3r,4.342399251483761
76,partial_50pct_at_1r,2.6711996257418806
77,baseline,0.2747426557421041
77,breakeven_after_0_5r,0.0
77,breakeven_after_1_0r,0.0
77,exit_at_first_0_5r,0.5
77,exit_at_first_1_0r,1.0
77,trail_0_5r_after_1_0r,0.8289016362258748
77,time_exit_after_4_bars_if_mfe_lt_0_3r,0.2747426557421041
77,partial_50pct_at_1r,0.637371327871052
78,baseline,0.8007901660518534
78,breakeven_after_0_5r,0.0
78,breakeven_after_1_0r,0.0
78,exit_at_first_0_5r,0.5
78,exit_at_first_1_0r,1.0
78,trail_0_5r_after_1_0r,1.45179211313262
78,time_exit_after_4_bars_if_mfe_lt_0_3r,0.8007901660518534
78,partial_50pct_at_1r,0.9003950830259266
79,baseline,5.7345748262690135
79,breakeven_after_0_5r,0.0
79,breakeven_after_1_0r,0.0
79,exit_at_first_0_5r,0.5
79,exit_at_first_1_0r,1.0
79,trail_0_5r_after_1_0r,0.6056073817808407
79,time_exit_after_4_bars_if_mfe_lt_0_3r,5.7345748262690135
79,partial_50pct_at_1r,3.3672874131345067
80,baseline,1.6820974047365553
80,breakeven_after_0_5r,0.0
80,breakeven_after_1_0r,0.0
80,exit_at_first_0_5r,0.5
80,exit_at_first_1_0r,1.0
80,trail_0_5r_after_1_0r,1.1855280296579636
80,time_exit_after_4_bars_if_mfe_lt_0_3r,1.6820974047365553
80,partial_50pct_at_1r,1.3410487023682776
81,baseline,-0.523191651202896
81,breakeven_after_0_5r,0.0
81,breakeven_after_1_0r,0.0
81,exit_at_first_0_5r,0.5
81,exit_at_first_1_0r,1.0
81,trail_0_5r_after_1_0r,1.0054948280824203
81,time_exit_after_4_bars_if_mfe_lt_0_3r,-0.523191651202896
81,partial_50pct_at_1r,0.238404174398552
82,baseline,0.6514524305334122
82,breakeven_after_0_5r,0.0
82,breakeven_after_1_0r,0.0
82,exit_at_first_0_5r,0.5
82,exit_at_first_1_0r,1.0
82,trail_0_5r_after_1_0r,0.6525312903495752
82,time_exit_after_4_bars_if_mfe_lt_0_3r,0.6514524305334122
82,partial_50pct_at_1r,0.8257262152667061
83,baseline,-4.912945144495115
83,breakeven_after_0_5r,0.0
83,breakeven_after_1_0r,0.0
83,exit_at_first_0_5r,0.5
83,exit_at_first_1_0r,1.0
83,trail_0_5r_after_1_0r,0.7487533639293724
83,time_exit_after_4_bars_if_mfe_lt_0_3r,-4.912945144495115
83,partial_50pct_at_1r,-1.9564725722475576
84,baseline,-0.0009725808778614925
84,breakeven_after_0_5r,0.0
84,breakeven_after_1_0r,0.0
84,exit_at_first_0_5r,0.5
84,exit_at_first_1_0r,1.0
84,trail_0_5r_after_1_0r,0.7308282848278218
84,time_exit_after_4_bars_if_mfe_lt_0_3r,-0.0009725808778614925
84,partial_50pct_at_1r,0.4995137095610693
85,baseline,4.660446024823385
85,breakeven_after_0_5r,0.0
85,breakeven_after_1_0r,0.0
85,exit_at_first_0_5r,0.5
85,exit_at_first_1_0r,1.0
85,trail_0_5r_after_1_0r,3.0062225919880188
85,time_exit_after_4_bars_if_mfe_lt_0_3r,4.660446024823385
85,partial_50pct_at_1r,2.8302230124116927
86,baseline,-4.443043880356167
86,breakeven_after_0_5r,0.0
86,breakeven_after_1_0r,0.0
86,exit_at_first_0_5r,0.5
86,exit_at_first_1_0r,1.0
86,trail_0_5r_after_1_0r,3.8433163124966345
86,time_exit_after_4_bars_if_mfe_lt_0_3r,-4.443043880356167
86,partial_50pct_at_1r,-1.7215219401780835
87,baseline,6.165342002049444
87,breakeven_after_0_5r,0.0
87,breakeven_after_1_0r,0.0
87,exit_at_first_0_5r,0.5
87,exit_at_first_1_0r,1.0
87,trail_0_5r_after_1_0r,0.8555534162576615
87,time_exit_after_4_bars_if_mfe_lt_0_3r,6.165342002049444
87,partial_50pct_at_1r,3.582671001024722
88,baseline,1.8115275785796745
88,breakeven_after_0_5r,0.0
88,breakeven_after_1_0r,0.0
88,exit_at_first_0_5r,0.5
88,exit_at_first_1_0r,1.0
88,trail_0_5r_after_1_0r,2.6623302673553413
88,time_exit_after_4_bars_if_mfe_lt_0_3r,1.8115275785796745
88,partial_50pct_at_1r,1.4057637892898374
89,baseline,17.843024449885558
89,breakeven_after_0_5r,0.0
89,breakeven_after_1_0r,0.0
89,exit_at_first_0_5r,0.5
89,exit_at_first_1_0r,1.0
89,trail_0_5r_after_1_0r,0.7706092583980804
89,time_exit_after_4_bars_if_mfe_lt_0_3r,17.843024449885558
89,partial_50pct_at_1r,9.421512224942779
90,baseline,2.839434146924999
90,breakeven_after_0_5r,0.0
90,breakeven_after_1_0r,0.0
90,exit_at_first_0_5r,0.5
90,exit_at_first_1_0r,1.0
90,trail_0_5r_after_1_0r,0.5272472831161401
90,time_exit_after_4_bars_if_mfe_lt_0_3r,2.839434146924999
90,partial_50pct_at_1r,1.9197170734624995
91,baseline,-0.2866925910517816
91,breakeven_after_0_5r,0.0
91,breakeven_after_1_0r,0.0
91,exit_at_first_0_5r,0.5
91,exit_at_first_1_0r,1.0
91,trail_0_5r_after_1_0r,1.289194719619728
91,time_exit_after_4_bars_if_mfe_lt_0_3r,-0.2866925910517816
91,partial_50pct_at_1r,0.3566537044741092
92,baseline,1.3511143708112756
92,breakeven_after_0_5r,0.0
92,breakeven_after_1_0r,0.0
92,exit_at_first_0_5r,0.5
92,exit_at_first_1_0r,1.0
92,trail_0_5r_after_1_0r,1.1460551270397739
92,time_exit_after_4_bars_if_mfe_lt_0_3r,1.3511143708112756
92,partial_50pct_at_1r,1.175557185405638
93,baseline,4.284290803729025
93,breakeven_after_0_5r,0.0
93,breakeven_after_1_0r,0.0
93,exit_at_first_0_5r,0.5
93,exit_at_first_1_0r,1.0
93,trail_0_5r_after_1_0r,2.928310174847239
93,time_exit_after_4_bars_if_mfe_lt_0_3r,-1.404542030558801
93,partial_50pct_at_1r,2.6421454018645125
94,baseline,1.841857596211411
94,breakeven_after_0_5r,0.0
94,breakeven_after_1_0r,0.0
94,exit_at_first_0_5r,0.5
94,exit_at_first_1_0r,1.0
94,trail_0_5r_after_1_0r,0.9276679782460036
94,time_exit_after_4_bars_if_mfe_lt_0_3r,1.841857596211411
94,partial_50pct_at_1r,1.4209287981057055
95,baseline,0.6508137918601327
95,breakeven_after_0_5r,0.0
95,breakeven_after_1_0r,0.0
95,exit_at_first_0_5r,0.5
95,exit_at_first_1_0r,1.0
95,trail_0_5r_after_1_0r,0.6163959337415224
95,time_exit_after_4_bars_if_mfe_lt_0_3r,0.6508137918601327
95,partial_50pct_at_1r,0.8254068959300663
96,baseline,2.617028640524982
96,breakeven_after_0_5r,0.0
96,breakeven_after_1_0r,0.0
96,exit_at_first_0_5r,0.5
96,exit_at_first_1_0r,1.0
96,trail_0_5r_after_1_0r,1.5738129755986878
96,time_exit_after_4_bars_if_mfe_lt_0_3r,2.617028640524982
96,partial_50pct_at_1r,1.808514320262491
97,baseline,1.521036093985914
97,breakeven_after_0_5r,0.0
97,breakeven_after_1_0r,0.0
97,exit_at_first_0_5r,0.5
97,exit_at_first_1_0r,1.0
97,trail_0_5r_after_1_0r,1.5974076147254026
97,time_exit_after_4_bars_if_mfe_lt_0_3r,1.521036093985914
97,partial_50pct_at_1r,1.2605180469929569
98,baseline,-3.680303323477839
98,breakeven_after_0_5r,0.0
98,breakeven_after_1_0r,0.0
98,exit_at_first_0_5r,0.5
98,exit_at_first_1_0r,1.0
98,trail_0_5r_after_1_0r,0.5689641486286794
98,time_exit_after_4_bars_if_mfe_lt_0_3r,-3.680303323477839
98,partial_50pct_at_1r,-1.3401516617389195
99,baseline,7.049623415722572
99,breakeven_after_0_5r,0.0
99,breakeven_after_1_0r,0.0
99,exit_at_first_0_5r,0.5
99,exit_at_first_1_0r,1.0
99,trail_0_5r_after_1_0r,1.174701251930986
99,time_exit_after_4_bars_if_mfe_lt_0_3r,7.049623415722572
99,partial_50pct_at_1r,4.024811707861286
100,baseline,7.830050161947817
100,breakeven_after_0_5r,0.0
100,breakeven_after_1_0r,0.0
100,exit_at_first_0_5r,0.5
100,exit_at_first_1_0r,1.0
100,trail_0_5r_after_1_0r,0.7340552581027642
100,time_exit_after_4_bars_if_mfe_lt_0_3r,7.830050161947817
100,partial_50pct_at_1r,4.4150250809739084
101,baseline,-1.0675430097754353
101,breakeven_after_0_5r,0.0
101,breakeven_after_1_0r,0.0
101,exit_at_first_0_5r,0.5
101,exit_at_first_1_0r,1.0
101,trail_0_5r_after_1_0r,0.5872946109935737
101,time_exit_after_4_bars_if_mfe_lt_0_3r,-1.0675430097754353
101,partial_50pct_at_1r,-0.03377150488771763
102,baseline,4.279008372562484
102,breakeven_after_0_5r,0.0
102,breakeven_after_1_0r,4.279008372562484
102,exit_at_first_0_5r,0.5
102,exit_at_first_1_0r,1.0
102,trail_0_5r_after_1_0r,4.135496270646651
102,time_exit_after_4_bars_if_mfe_lt_0_3r,4.279008372562484
102,partial_50pct_at_1r,2.639504186281242
103,baseline,3.8352619668081256
103,breakeven_after_0_5r,0.0
103,breakeven_after_1_0r,0.0
103,exit_at_first_0_5r,0.5
103,exit_at_first_1_0r,1.0
103,trail_0_5r_after_1_0r,3.913828039241591
103,time_exit_after_4_bars_if_mfe_lt_0_3r,3.8352619668081256
103,partial_50pct_at_1r,2.417630983404063
104,baseline,-1.3535224800794436
104,breakeven_after_0_5r,0.0
104,breakeven_after_1_0r,-1.3535224800794436
104,exit_at_first_0_5r,0.5
104,exit_at_first_1_0r,-1.3535224800794436
104,trail_0_5r_after_1_0r,-1.3535224800794436
104,time_exit_after_4_bars_if_mfe_lt_0_3r,-1.3535224800794436
104,partial_50pct_at_1r,-1.3535224800794436
105,baseline,3.3088079568743503
105,breakeven_after_0_5r,0.0
105,breakeven_after_1_0r,0.0
105,exit_at_first_0_5r,0.5
105,exit_at_first_1_0r,1.0
105,trail_0_5r_after_1_0r,1.14162869111435
105,time_exit_after_4_bars_if_mfe_lt_0_3r,3.3088079568743503
105,partial_50pct_at_1r,2.154403978437175
106,baseline,-1.1339446608423942
106,breakeven_after_0_5r,0.0
106,breakeven_after_1_0r,0.0
106,exit_at_first_0_5r,0.5
106,exit_at_first_1_0r,1.0
106,trail_0_5r_after_1_0r,1.20822313131973
106,time_exit_after_4_bars_if_mfe_lt_0_3r,-1.1339446608423942
106,partial_50pct_at_1r,-0.0669723304211971
107,baseline,-8.612098011410511
107,breakeven_after_0_5r,-8.612098011410511
107,breakeven_after_1_0r,-8.612098011410511
107,exit_at_first_0_5r,-8.612098011410511
107,exit_at_first_1_0r,-8.612098011410511
107,trail_0_5r_after_1_0r,-8.612098011410511
107,time_exit_after_4_bars_if_mfe_lt_0_3r,-8.612098011410511
107,partial_50pct_at_1r,-8.612098011410511
108,baseline,0.8932364320799209
108,breakeven_after_0_5r,0.0
108,breakeven_after_1_0r,0.0
108,exit_at_first_0_5r,0.5
108,exit_at_first_1_0r,1.0
108,trail_0_5r_after_1_0r,1.0461473994498824
108,time_exit_after_4_bars_if_mfe_lt_0_3r,0.8932364320799209
108,partial_50pct_at_1r,0.9466182160399604
109,baseline,-4.594134910228328
109,breakeven_after_0_5r,0.0
109,breakeven_after_1_0r,-4.594134910228328
109,exit_at_first_0_5r,0.5
109,exit_at_first_1_0r,-4.594134910228328
109,trail_0_5r_after_1_0r,-4.594134910228328
109,time_exit_after_4_bars_if_mfe_lt_0_3r,-4.594134910228328
109,partial_50pct_at_1r,-4.594134910228328
110,baseline,-0.825450550833791
110,breakeven_after_0_5r,0.0
110,breakeven_after_1_0r,0.0
110,exit_at_first_0_5r,0.5
110,exit_at_first_1_0r,1.0
110,trail_0_5r_after_1_0r,0.6974178361969239
110,time_exit_after_4_bars_if_mfe_lt_0_3r,-0.825450550833791
110,partial_50pct_at_1r,0.08727472458310448
111,baseline,0.5822485229903942
111,breakeven_after_0_5r,0.0
111,breakeven_after_1_0r,0.0
111,exit_at_first_0_5r,0.5
111,exit_at_first_1_0r,1.0
111,trail_0_5r_after_1_0r,1.5010078432175242
111,time_exit_after_4_bars_if_mfe_lt_0_3r,0.5822485229903942
111,partial_50pct_at_1r,0.7911242614951971
112,baseline,1.1132893649085394
112,breakeven_after_0_5r,0.0
112,breakeven_after_1_0r,0.0
112,exit_at_first_0_5r,0.5
112,exit_at_first_1_0r,1.0
112,trail_0_5r_after_1_0r,0.7039378594745525
112,time_exit_after_4_bars_if_mfe_lt_0_3r,-0.46819805646232593
112,partial_50pct_at_1r,1.0566446824542697
113,baseline,9.060427153764072
113,breakeven_after_0_5r,0.0
113,breakeven_after_1_0r,0.0
113,exit_at_first_0_5r,0.5
113,exit_at_first_1_0r,1.0
113,trail_0_5r_after_1_0r,0.6495003753134654
113,time_exit_after_4_bars_if_mfe_lt_0_3r,9.060427153764072
113,partial_50pct_at_1r,5.030213576882036
114,baseline,1.041242569526904
114,breakeven_after_0_5r,0.0
114,breakeven_after_1_0r,0.0
114,exit_at_first_0_5r,0.5
114,exit_at_first_1_0r,1.0
114,trail_0_5r_after_1_0r,0.6537126713870922
114,time_exit_after_4_bars_if_mfe_lt_0_3r,1.041242569526904
114,partial_50pct_at_1r,1.0206212847634522
115,baseline,-6.07938813760997
115,breakeven_after_0_5r,0.0
115,breakeven_after_1_0r,0.0
115,exit_at_first_0_5r,0.5
115,exit_at_first_1_0r,1.0
115,trail_0_5r_after_1_0r,0.5293345446632396
115,time_exit_after_4_bars_if_mfe_lt_0_3r,-6.07938813760997
115,partial_50pct_at_1r,-2.539694068804985
116,baseline,-4.254782729412019
116,breakeven_after_0_5r,-4.254782729412019
116,breakeven_after_1_0r,-4.254782729412019
116,exit_at_first_0_5r,-4.254782729412019
116,exit_at_first_1_0r,-4.254782729412019
116,trail_0_5r_after_1_0r,-4.254782729412019
116,time_exit_after_4_bars_if_mfe_lt_0_3r,-3.690075501238151
116,partial_50pct_at_1r,-4.254782729412019
117,baseline,-1.189386165194442
117,breakeven_after_0_5r,0.0
117,breakeven_after_1_0r,0.0
117,exit_at_first_0_5r,0.5
117,exit_at_first_1_0r,1.0
117,trail_0_5r_after_1_0r,1.1603300055517103
117,time_exit_after_4_bars_if_mfe_lt_0_3r,-1.189386165194442
117,partial_50pct_at_1r,-0.09469308259722098
118,baseline,-13.207222026245947
118,breakeven_after_0_5r,0.0
118,breakeven_after_1_0r,0.0
118,exit_at_first_0_5r,0.5
118,exit_at_first_1_0r,1.0
118,trail_0_5r_after_1_0r,0.6884028163818452
118,time_exit_after_4_bars_if_mfe_lt_0_3r,-13.207222026245947
118,partial_50pct_at_1r,-6.103611013122974
119,baseline,5.270120769075727
119,breakeven_after_0_5r,0.0
119,breakeven_after_1_0r,0.0
119,exit_at_first_0_5r,0.5
119,exit_at_first_1_0r,1.0
119,trail_0_5r_after_1_0r,0.6246470549292373
119,time_exit_after_4_bars_if_mfe_lt_0_3r,5.270120769075727
119,partial_50pct_at_1r,3.1350603845378635
120,baseline,1.8079424227468037
120,breakeven_after_0_5r,0.0
120,breakeven_after_1_0r,0.0
120,exit_at_first_0_5r,0.5
120,exit_at_first_1_0r,1.0
120,trail_0_5r_after_1_0r,0.7281616038476579
120,time_exit_after_4_bars_if_mfe_lt_0_3r,1.8079424227468037
120,partial_50pct_at_1r,1.4039712113734018
121,baseline,1.1184056344833784
121,breakeven_after_0_5r,0.0
121,breakeven_after_1_0r,0.0
121,exit_at_first_0_5r,0.5
121,exit_at_first_1_0r,1.0
121,trail_0_5r_after_1_0r,1.0707898501797415
121,time_exit_after_4_bars_if_mfe_lt_0_3r,1.1184056344833784
121,partial_50pct_at_1r,1.0592028172416892
122,baseline,-1.715052068960733
122,breakeven_after_0_5r,0.0
122,breakeven_after_1_0r,0.0
122,exit_at_first_0_5r,0.5
122,exit_at_first_1_0r,1.0
122,trail_0_5r_after_1_0r,1.176225479172274
122,time_exit_after_4_bars_if_mfe_lt_0_3r,-1.715052068960733
122,partial_50pct_at_1r,-0.35752603448036646
123,baseline,-1.84064211405233
123,breakeven_after_0_5r,0.0
123,breakeven_after_1_0r,0.0
123,exit_at_first_0_5r,0.5
123,exit_at_first_1_0r,1.0
123,trail_0_5r_after_1_0r,1.204258803316891
123,time_exit_after_4_bars_if_mfe_lt_0_3r,-1.84064211405233
123,partial_50pct_at_1r,-0.42032105702616496
124,baseline,-0.26965322986383633
124,breakeven_after_0_5r,0.0
124,breakeven_after_1_0r,0.0
124,exit_at_first_0_5r,0.5
124,exit_at_first_1_0r,1.0
124,trail_0_5r_after_1_0r,1.993115813549407
124,time_exit_after_4_bars_if_mfe_lt_0_3r,-0.26965322986383633
124,partial_50pct_at_1r,0.36517338506808183
125,baseline,4.078066944138407
125,breakeven_after_0_5r,0.0
125,breakeven_after_1_0r,0.0
125,exit_at_first_0_5r,0.5
125,exit_at_first_1_0r,1.0
125,trail_0_5r_after_1_0r,4.91607707474346
125,time_exit_after_4_bars_if_mfe_lt_0_3r,4.078066944138407
125,partial_50pct_at_1r,2.5390334720692036
126,baseline,-7.996236430499989
126,breakeven_after_0_5r,0.0
126,breakeven_after_1_0r,-7.996236430499989
126,exit_at_first_0_5r,0.5
126,exit_at_first_1_0r,-7.996236430499989
126,trail_0_5r_after_1_0r,-7.996236430499989
126,time_exit_after_4_bars_if_mfe_lt_0_3r,-7.996236430499989
126,partial_50pct_at_1r,-7.996236430499989
127,baseline,3.4901005301986983
127,breakeven_after_0_5r,0.0
127,breakeven_after_1_0r,0.0
127,exit_at_first_0_5r,0.5
127,exit_at_first_1_0r,1.0
127,trail_0_5r_after_1_0r,0.6101582434309807
127,time_exit_after_4_bars_if_mfe_lt_0_3r,3.4901005301986983
127,partial_50pct_at_1r,2.245050265099349
128,baseline,0.377164770897996
128,breakeven_after_0_5r,0.0
128,breakeven_after_1_0r,0.0
128,exit_at_first_0_5r,0.5
128,exit_at_first_1_0r,1.0
128,trail_0_5r_after_1_0r,0.555343977386771
128,time_exit_after_4_bars_if_mfe_lt_0_3r,0.377164770897996
128,partial_50pct_at_1r,0.688582385448998
129,baseline,4.9808044247243695
129,breakeven_after_0_5r,0.0
129,breakeven_after_1_0r,0.0
129,exit_at_first_0_5r,0.5
129,exit_at_first_1_0r,1.0
129,trail_0_5r_after_1_0r,0.9029391945839496
129,time_exit_after_4_bars_if_mfe_lt_0_3r,4.9808044247243695
129,partial_50pct_at_1r,2.9904022123621847
130,baseline,1.017832449706215
130,breakeven_after_0_5r,0.0
130,breakeven_after_1_0r,0.0
130,exit_at_first_0_5r,0.5
130,exit_at_first_1_0r,1.0
130,trail_0_5r_after_1_0r,1.0267452709870735
130,time_exit_after_4_bars_if_mfe_lt_0_3r,1.017832449706215
130,partial_50pct_at_1r,1.0089162248531074
131,baseline,2.4819994580635414
131,breakeven_after_0_5r,0.0
131,breakeven_after_1_0r,2.4819994580635414
131,exit_at_first_0_5r,0.5
131,exit_at_first_1_0r,1.0
131,trail_0_5r_after_1_0r,1.935942085556873
131,time_exit_after_4_bars_if_mfe_lt_0_3r,2.4819994580635414
131,partial_50pct_at_1r,1.7409997290317707
132,baseline,2.820348081390266
132,breakeven_after_0_5r,0.0
132,breakeven_after_1_0r,0.0
132,exit_at_first_0_5r,0.5
132,exit_at_first_1_0r,1.0
132,trail_0_5r_after_1_0r,3.210349877486894
132,time_exit_after_4_bars_if_mfe_lt_0_3r,2.820348081390266
132,partial_50pct_at_1r,1.910174040695133
133,baseline,14.590333101822376
133,breakeven_after_0_5r,0.0
133,breakeven_after_1_0r,0.0
133,exit_at_first_0_5r,0.5
133,exit_at_first_1_0r,1.0
133,trail_0_5r_after_1_0r,0.5988041663098547
133,time_exit_after_4_bars_if_mfe_lt_0_3r,14.590333101822376
133,partial_50pct_at_1r,7.795166550911188
134,baseline,2.315417167493369
134,breakeven_after_0_5r,0.0
134,breakeven_after_1_0r,0.0
134,exit_at_first_0_5r,0.5
134,exit_at_first_1_0r,1.0
134,trail_0_5r_after_1_0r,1.0180887426111338
134,time_exit_after_4_bars_if_mfe_lt_0_3r,2.315417167493369
134,partial_50pct_at_1r,1.6577085837466845
135,baseline,-0.21192308652806782
135,breakeven_after_0_5r,0.0
135,breakeven_after_1_0r,0.0
135,exit_at_first_0_5r,0.5
135,exit_at_first_1_0r,1.0
135,trail_0_5r_after_1_0r,0.941386578037219
135,time_exit_after_4_bars_if_mfe_lt_0_3r,-0.21192308652806782
135,partial_50pct_at_1r,0.3940384567359661
136,baseline,1.5645297739430564
136,breakeven_after_0_5r,0.0
136,breakeven_after_1_0r,0.0
136,exit_at_first_0_5r,0.5
136,exit_at_first_1_0r,1.0
136,trail_0_5r_after_1_0r,2.2259128755681976
136,time_exit_after_4_bars_if_mfe_lt_0_3r,1.5645297739430564
136,partial_50pct_at_1r,1.2822648869715283
137,baseline,-1.3236410065340822
137,breakeven_after_0_5r,0.0
137,breakeven_after_1_0r,-1.3236410065340822
137,exit_at_first_0_5r,0.5
137,exit_at_first_1_0r,-1.3236410065340822
137,trail_0_5r_after_1_0r,-1.3236410065340822
137,time_exit_after_4_bars_if_mfe_lt_0_3r,-1.3236410065340822
137,partial_50pct_at_1r,-1.3236410065340822
138,baseline,0.21627368563318944
138,breakeven_after_0_5r,0.0
138,breakeven_after_1_0r,0.0
138,exit_at_first_0_5r,0.5
138,exit_at_first_1_0r,1.0
138,trail_0_5r_after_1_0r,0.9012757059625089
138,time_exit_after_4_bars_if_mfe_lt_0_3r,0.21627368563318944
138,partial_50pct_at_1r,0.6081368428165947
139,baseline,1.5381691867871956
139,breakeven_after_0_5r,0.0
139,breakeven_after_1_0r,0.0
139,exit_at_first_0_5r,0.5
139,exit_at_first_1_0r,1.0
139,trail_0_5r_after_1_0r,0.5591369499521912
139,time_exit_after_4_bars_if_mfe_lt_0_3r,1.5381691867871956
139,partial_50pct_at_1r,1.2690845933935977
140,baseline,6.307474299801666
140,breakeven_after_0_5r,0.0
140,breakeven_after_1_0r,0.0
140,exit_at_first_0_5r,0.5
140,exit_at_first_1_0r,1.0
140,trail_0_5r_after_1_0r,0.8181547890413958
140,time_exit_after_4_bars_if_mfe_lt_0_3r,6.307474299801666
140,partial_50pct_at_1r,3.653737149900833
141,baseline,3.8419474557743762
141,breakeven_after_0_5r,0.0
141,breakeven_after_1_0r,0.0
141,exit_at_first_0_5r,0.5
141,exit_at_first_1_0r,1.0
141,trail_0_5r_after_1_0r,1.0270195352033618
141,time_exit_after_4_bars_if_mfe_lt_0_3r,3.8419474557743762
141,partial_50pct_at_1r,2.420973727887188
142,baseline,-0.5653771272365777
142,breakeven_after_0_5r,0.0
142,breakeven_after_1_0r,-0.5653771272365777
142,exit_at_first_0_5r,0.5
142,exit_at_first_1_0r,-0.5653771272365777
142,trail_0_5r_after_1_0r,-0.5653771272365777
142,time_exit_after_4_bars_if_mfe_lt_0_3r,-0.35804939191247176
142,partial_50pct_at_1r,-0.5653771272365777
143,baseline,-2.3481773931409986
143,breakeven_after_0_5r,0.0
143,breakeven_after_1_0r,0.0
143,exit_at_first_0_5r,0.5
143,exit_at_first_1_0r,1.0
143,trail_0_5r_after_1_0r,0.7795896248182965
143,time_exit_after_4_bars_if_mfe_lt_0_3r,-2.3481773931409986
143,partial_50pct_at_1r,-0.6740886965704993
144,baseline,1.3801858790989487
144,breakeven_after_0_5r,0.0
144,breakeven_after_1_0r,0.0
144,exit_at_first_0_5r,0.5
144,exit_at_first_1_0r,1.0
144,trail_0_5r_after_1_0r,0.6321843841476511
144,time_exit_after_4_bars_if_mfe_lt_0_3r,1.3801858790989487
144,partial_50pct_at_1r,1.1900929395494744
145,baseline,-1.3161221211626282
145,breakeven_after_0_5r,0.0
145,breakeven_after_1_0r,0.0
145,exit_at_first_0_5r,0.5
145,exit_at_first_1_0r,1.0
145,trail_0_5r_after_1_0r,0.6926963652242
145,time_exit_after_4_bars_if_mfe_lt_0_3r,-1.3161221211626282
145,partial_50pct_at_1r,-0.15806106058131408
146,baseline,2.2423292663333654
146,breakeven_after_0_5r,0.0
146,breakeven_after_1_0r,0.0
146,exit_at_first_0_5r,0.5
146,exit_at_first_1_0r,1.0
146,trail_0_5r_after_1_0r,0.5242792015774651
146,time_exit_after_4_bars_if_mfe_lt_0_3r,2.2423292663333654
146,partial_50pct_at_1r,1.6211646331666827
147,baseline,-0.18946599214488297
147,breakeven_after_0_5r,0.0
147,breakeven_after_1_0r,0.0
147,exit_at_first_0_5r,0.5
147,exit_at_first_1_0r,1.0
147,trail_0_5r_after_1_0r,0.9798148193055596
147,time_exit_after_4_bars_if_mfe_lt_0_3r,-0.18946599214488297
147,partial_50pct_at_1r,0.40526700392755854
148,baseline,-5.656556143921845
148,breakeven_after_0_5r,-5.656556143921845
148,breakeven_after_1_0r,-5.656556143921845
148,exit_at_first_0_5r,-5.656556143921845
148,exit_at_first_1_0r,-5.656556143921845
148,trail_0_5r_after_1_0r,-5.656556143921845
148,time_exit_after_4_bars_if_mfe_lt_0_3r,-5.656556143921845
148,partial_50pct_at_1r,-5.656556143921845
149,baseline,-0.9715646007991715
149,breakeven_after_0_5r,0.0
149,breakeven_after_1_0r,0.0
149,exit_at_first_0_5r,0.5
149,exit_at_first_1_0r,1.0
149,trail_0_5r_after_1_0r,0.5903423170382405
149,time_exit_after_4_bars_if_mfe_lt_0_3r,-0.9715646007991715
149,partial_50pct_at_1r,0.014217699600414246
150,baseline,4.7884563365334305
150,breakeven_after_0_5r,0.0
150,breakeven_after_1_0r,0.0
150,exit_at_first_0_5r,0.5
150,exit_at_first_1_0r,1.0
150,trail_0_5r_after_1_0r,0.5831061811407954
150,time_exit_after_4_bars_if_mfe_lt_0_3r,4.7884563365334305
150,partial_50pct_at_1r,2.8942281682667153
151,baseline,-1.2581504875456029
151,breakeven_after_0_5r,0.0
151,breakeven_after_1_0r,-1.2581504875456029
151,exit_at_first_0_5r,0.5
151,exit_at_first_1_0r,-1.2581504875456029
151,trail_0_5r_after_1_0r,-1.2581504875456029
151,time_exit_after_4_bars_if_mfe_lt_0_3r,-1.2581504875456029
151,partial_50pct_at_1r,-1.2581504875456029
152,baseline,-0.7804043586754289
152,breakeven_after_0_5r,0.0
152,breakeven_after_1_0r,0.0
152,exit_at_first_0_5r,0.5
152,exit_at_first_1_0r,1.0
152,trail_0_5r_after_1_0r,0.5313285872864093
152,time_exit_after_4_bars_if_mfe_lt_0_3r,-0.7804043586754289
152,partial_50pct_at_1r,0.10979782066228555
153,baseline,-4.250100635324094
153,breakeven_after_0_5r,0.0
153,breakeven_after_1_0r,0.0
153,exit_at_first_0_5r,0.5
153,exit_at_first_1_0r,1.0
153,trail_0_5r_after_1_0r,0.5515667501357371
153,time_exit_after_4_bars_if_mfe_lt_0_3r,-4.250100635324094
153,partial_50pct_at_1r,-1.6250503176620472
154,baseline,-2.0330384836681357
154,breakeven_after_0_5r,0.0
154,breakeven_after_1_0r,0.0
154,exit_at_first_0_5r,0.5
154,exit_at_first_1_0r,1.0
154,trail_0_5r_after_1_0r,0.5950926041716869
154,time_exit_after_4_bars_if_mfe_lt_0_3r,-2.0330384836681357
154,partial_50pct_at_1r,-0.5165192418340678
155,baseline,3.984480818269858
155,breakeven_after_0_5r,3.984480818269858
155,breakeven_after_1_0r,3.984480818269858
155,exit_at_first_0_5r,0.5
155,exit_at_first_1_0r,1.0
155,trail_0_5r_after_1_0r,3.8145141534592923
155,time_exit_after_4_bars_if_mfe_lt_0_3r,3.984480818269858
155,partial_50pct_at_1r,2.4922404091349293
156,baseline,-0.8484965201106578
156,breakeven_after_0_5r,0.0
156,breakeven_after_1_0r,-0.8484965201106578
156,exit_at_first_0_5r,0.5
156,exit_at_first_1_0r,-0.8484965201106578
156,trail_0_5r_after_1_0r,-0.8484965201106578
156,time_exit_after_4_bars_if_mfe_lt_0_3r,-0.8484965201106578
156,partial_50pct_at_1r,-0.8484965201106578
157,baseline,2.708269385668873
157,breakeven_after_0_5r,0.0
157,breakeven_after_1_0r,0.0
157,exit_at_first_0_5r,0.5
157,exit_at_first_1_0r,1.0
157,trail_0_5r_after_1_0r,0.8283076688796931
157,time_exit_after_4_bars_if_mfe_lt_0_3r,2.708269385668873
157,partial_50pct_at_1r,1.8541346928344364
158,baseline,-0.4534343338186915
158,breakeven_after_0_5r,0.0
158,breakeven_after_1_0r,-0.4534343338186915
158,exit_at_first_0_5r,0.5
158,exit_at_first_1_0r,-0.4534343338186915
158,trail_0_5r_after_1_0r,-0.4534343338186915
158,time_exit_after_4_bars_if_mfe_lt_0_3r,-0.4534343338186915
158,partial_50pct_at_1r,-0.4534343338186915
159,baseline,-3.6651720536282357
159,breakeven_after_0_5r,0.0
159,breakeven_after_1_0r,0.0
159,exit_at_first_0_5r,0.5
159,exit_at_first_1_0r,1.0
159,trail_0_5r_after_1_0r,0.6833170949260581
159,time_exit_after_4_bars_if_mfe_lt_0_3r,-3.6651720536282357
159,partial_50pct_at_1r,-1.3325860268141179
160,baseline,2.331989452078241
160,breakeven_after_0_5r,2.331989452078241
160,breakeven_after_1_0r,2.331989452078241
160,exit_at_first_0_5r,0.5
160,exit_at_first_1_0r,1.0
160,trail_0_5r_after_1_0r,5.109779228093931
160,time_exit_after_4_bars_if_mfe_lt_0_3r,2.331989452078241
160,partial_50pct_at_1r,1.6659947260391206
161,baseline,6.027939124655311
161,breakeven_after_0_5r,0.0
161,breakeven_after_1_0r,0.0
161,exit_at_first_0_5r,0.5
161,exit_at_first_1_0r,1.0
161,trail_0_5r_after_1_0r,0.6448363168571205
161,time_exit_after_4_bars_if_mfe_lt_0_3r,6.027939124655311
161,partial_50pct_at_1r,3.5139695623276554
162,baseline,3.8946785801038275
162,breakeven_after_0_5r,0.0
162,breakeven_after_1_0r,0.0
162,exit_at_first_0_5r,0.5
162,exit_at_first_1_0r,1.0
162,trail_0_5r_after_1_0r,0.6985171900808138
162,time_exit_after_4_bars_if_mfe_lt_0_3r,3.8946785801038275
162,partial_50pct_at_1r,2.4473392900519135
163,baseline,1.0533963610427015
163,breakeven_after_0_5r,0.0
163,breakeven_after_1_0r,1.0533963610427015
163,exit_at_first_0_5r,0.5
163,exit_at_first_1_0r,1.0
163,trail_0_5r_after_1_0r,0.5296324442298814
163,time_exit_after_4_bars_if_mfe_lt_0_3r,1.0533963610427015
163,partial_50pct_at_1r,1.0266981805213509
164,baseline,-1.5871132849827392
164,breakeven_after_0_5r,0.0
164,breakeven_after_1_0r,0.0
164,exit_at_first_0_5r,0.5
164,exit_at_first_1_0r,1.0
164,trail_0_5r_after_1_0r,0.584601613316323
164,time_exit_after_4_bars_if_mfe_lt_0_3r,-1.5871132849827392
164,partial_50pct_at_1r,-0.2935566424913696
165,baseline,-4.000704722789301
165,breakeven_after_0_5r,0.0
165,breakeven_after_1_0r,-4.000704722789301
165,exit_at_first_0_5r,0.5
165,exit_at_first_1_0r,-4.000704722789301
165,trail_0_5r_after_1_0r,-4.000704722789301
165,time_exit_after_4_bars_if_mfe_lt_0_3r,-4.000704722789301
165,partial_50pct_at_1r,-4.000704722789301
166,baseline,-0.4401022622185943
166,breakeven_after_0_5r,0.0
166,breakeven_after_1_0r,0.0
166,exit_at_first_0_5r,0.5
166,exit_at_first_1_0r,1.0
166,trail_0_5r_after_1_0r,1.64841231251448
166,time_exit_after_4_bars_if_mfe_lt_0_3r,-0.4401022622185943
166,partial_50pct_at_1r,0.27994886889070286
167,baseline,0.39901606572975495
167,breakeven_after_0_5r,0.0
167,breakeven_after_1_0r,0.0
167,exit_at_first_0_5r,0.5
167,exit_at_first_1_0r,1.0
167,trail_0_5r_after_1_0r,0.5220065055478584
167,time_exit_after_4_bars_if_mfe_lt_0_3r,0.39901606572975495
167,partial_50pct_at_1r,0.6995080328648775
168,baseline,10.585539689072924
168,breakeven_after_0_5r,0.0
168,breakeven_after_1_0r,10.585539689072924
168,exit_at_first_0_5r,0.5
168,exit_at_first_1_0r,1.0
168,trail_0_5r_after_1_0r,2.8049748395429175
168,time_exit_after_4_bars_if_mfe_lt_0_3r,10.585539689072924
168,partial_50pct_at_1r,5.792769844536462
169,baseline,0.23818303261824655
169,breakeven_after_0_5r,0.0
169,breakeven_after_1_0r,0.0
169,exit_at_first_0_5r,0.5
169,exit_at_first_1_0r,1.0
169,trail_0_5r_after_1_0r,0.9515721092955518
169,time_exit_after_4_bars_if_mfe_lt_0_3r,-0.6191539802682475
169,partial_50pct_at_1r,0.6190915163091233
170,baseline,0.2909883545876348
170,breakeven_after_0_5r,0.0
170,breakeven_after_1_0r,0.2909883545876348
170,exit_at_first_0_5r,0.5
170,exit_at_first_1_0r,0.2909883545876348
170,trail_0_5r_after_1_0r,0.2909883545876348
170,time_exit_after_4_bars_if_mfe_lt_0_3r,0.2909883545876348
170,partial_50pct_at_1r,0.2909883545876348
171,baseline,2.3337507385068204
171,breakeven_after_0_5r,0.0
171,breakeven_after_1_0r,0.0
171,exit_at_first_0_5r,0.5
171,exit_at_first_1_0r,1.0
171,trail_0_5r_after_1_0r,0.5392363595709415
171,time_exit_after_4_bars_if_mfe_lt_0_3r,2.3337507385068204
171,partial_50pct_at_1r,1.6668753692534102
172,baseline,2.6195766993167022
172,breakeven_after_0_5r,0.0
172,breakeven_after_1_0r,0.0
172,exit_at_first_0_5r,0.5
172,exit_at_first_1_0r,1.0
172,trail_0_5r_after_1_0r,0.5555459482577372
172,time_exit_after_4_bars_if_mfe_lt_0_3r,2.6195766993167022
172,partial_50pct_at_1r,1.8097883496583511
173,baseline,-3.0541307213975957
173,breakeven_after_0_5r,0.0
173,breakeven_after_1_0r,-3.0541307213975957
173,exit_at_first_0_5r,0.5
173,exit_at_first_1_0r,-3.0541307213975957
173,trail_0_5r_after_1_0r,-3.0541307213975957
173,time_exit_after_4_bars_if_mfe_lt_0_3r,-3.0541307213975957
173,partial_50pct_at_1r,-3.0541307213975957
174,baseline,0.12580742430324787
174,breakeven_after_0_5r,0.0
174,breakeven_after_1_0r,0.12580742430324787
174,exit_at_first_0_5r,0.5
174,exit_at_first_1_0r,0.12580742430324787
174,trail_0_5r_after_1_0r,0.12580742430324787
174,time_exit_after_4_bars_if_mfe_lt_0_3r,0.12580742430324787
174,partial_50pct_at_1r,0.12580742430324787
175,baseline,-8.714500051059014
175,breakeven_after_0_5r,0.0
175,breakeven_after_1_0r,0.0
175,exit_at_first_0_5r,0.5
175,exit_at_first_1_0r,1.0
175,trail_0_5r_after_1_0r,0.5899395643801915
175,time_exit_after_4_bars_if_mfe_lt_0_3r,-8.714500051059014
175,partial_50pct_at_1r,-3.857250025529507
176,baseline,0.8061927409264713
176,breakeven_after_0_5r,0.0
176,breakeven_after_1_0r,0.0
176,exit_at_first_0_5r,0.5
176,exit_at_first_1_0r,1.0
176,trail_0_5r_after_1_0r,0.5301716255907907
176,time_exit_after_4_bars_if_mfe_lt_0_3r,0.8061927409264713
176,partial_50pct_at_1r,0.9030963704632357
177,baseline,2.8243334443955406
177,breakeven_after_0_5r,0.0
177,breakeven_after_1_0r,0.0
177,exit_at_first_0_5r,0.5
177,exit_at_first_1_0r,1.0
177,trail_0_5r_after_1_0r,1.6347433370168654
177,time_exit_after_4_bars_if_mfe_lt_0_3r,2.8243334443955406
177,partial_50pct_at_1r,1.9121667221977703
178,baseline,-2.974032296144914
178,breakeven_after_0_5r,0.0
178,breakeven_after_1_0r,0.0
178,exit_at_first_0_5r,0.5
178,exit_at_first_1_0r,1.0
178,trail_0_5r_after_1_0r,0.7257191389061857
178,time_exit_after_4_bars_if_mfe_lt_0_3r,-2.974032296144914
178,partial_50pct_at_1r,-0.9870161480724571
179,baseline,-2.9859297567377054
179,breakeven_after_0_5r,0.0
179,breakeven_after_1_0r,-2.9859297567377054
179,exit_at_first_0_5r,0.5
179,exit_at_first_1_0r,-2.9859297567377054
179,trail_0_5r_after_1_0r,-2.9859297567377054
179,time_exit_after_4_bars_if_mfe_lt_0_3r,-2.9859297567377054
179,partial_50pct_at_1r,-2.9859297567377054
180,baseline,0.717998298855147
180,breakeven_after_0_5r,0.0
180,breakeven_after_1_0r,0.0
180,exit_at_first_0_5r,0.5
180,exit_at_first_1_0r,1.0
180,trail_0_5r_after_1_0r,0.5195039208048857
180,time_exit_after_4_bars_if_mfe_lt_0_3r,0.717998298855147
180,partial_50pct_at_1r,0.8589991494275735
181,baseline,4.0862192517287905
181,breakeven_after_0_5r,0.0
181,breakeven_after_1_0r,0.0
181,exit_at_first_0_5r,0.5
181,exit_at_first_1_0r,1.0
181,trail_0_5r_after_1_0r,1.1771719283365687
181,time_exit_after_4_bars_if_mfe_lt_0_3r,4.0862192517287905
181,partial_50pct_at_1r,2.5431096258643953
182,baseline,-20.372997963866165
182,breakeven_after_0_5r,0.0
182,breakeven_after_1_0r,-20.372997963866165
182,exit_at_first_0_5r,0.5
182,exit_at_first_1_0r,-20.372997963866165
182,trail_0_5r_after_1_0r,-20.372997963866165
182,time_exit_after_4_bars_if_mfe_lt_0_3r,-20.372997963866165
182,partial_50pct_at_1r,-20.372997963866165
183,baseline,8.603046199041925
183,breakeven_after_0_5r,0.0
183,breakeven_after_1_0r,8.603046199041925
183,exit_at_first_0_5r,0.5
183,exit_at_first_1_0r,1.0
183,trail_0_5r_after_1_0r,1.5179206919695045
183,time_exit_after_4_bars_if_mfe_lt_0_3r,8.603046199041925
183,partial_50pct_at_1r,4.801523099520963
184,baseline,2.933874988615252
184,breakeven_after_0_5r,0.0
184,breakeven_after_1_0r,0.0
184,exit_at_first_0_5r,0.5
184,exit_at_first_1_0r,1.0
184,trail_0_5r_after_1_0r,1.7478822557632152
184,time_exit_after_4_bars_if_mfe_lt_0_3r,2.933874988615252
184,partial_50pct_at_1r,1.966937494307626
185,baseline,-5.097044782644155
185,breakeven_after_0_5r,0.0
185,breakeven_after_1_0r,0.0
185,exit_at_first_0_5r,0.5
185,exit_at_first_1_0r,1.0
185,trail_0_5r_after_1_0r,1.8629050330192944
185,time_exit_after_4_bars_if_mfe_lt_0_3r,-5.097044782644155
185,partial_50pct_at_1r,-2.0485223913220776
186,baseline,2.9116782562386048
186,breakeven_after_0_5r,0.0
186,breakeven_after_1_0r,2.9116782562386048
186,exit_at_first_0_5r,0.5
186,exit_at_first_1_0r,1.0
186,trail_0_5r_after_1_0r,1.5544556137835719
186,time_exit_after_4_bars_if_mfe_lt_0_3r,2.9116782562386048
186,partial_50pct_at_1r,1.9558391281193024
187,baseline,-0.4824642918671667
187,breakeven_after_0_5r,0.0
187,breakeven_after_1_0r,0.0
187,exit_at_first_0_5r,0.5
187,exit_at_first_1_0r,1.0
187,trail_0_5r_after_1_0r,0.5618872407355762
187,time_exit_after_4_bars_if_mfe_lt_0_3r,-1.4556207120195714
187,partial_50pct_at_1r,0.25876785406641667
188,baseline,-3.5115528494928174
188,breakeven_after_0_5r,0.0
188,breakeven_after_1_0r,-3.5115528494928174
188,exit_at_first_0_5r,0.5
188,exit_at_first_1_0r,-3.5115528494928174
188,trail_0_5r_after_1_0r,-3.5115528494928174
188,time_exit_after_4_bars_if_mfe_lt_0_3r,-3.5115528494928174
188,partial_50pct_at_1r,-3.5115528494928174
189,baseline,-0.3104122557237034
189,breakeven_after_0_5r,0.0
189,breakeven_after_1_0r,0.0
189,exit_at_first_0_5r,0.5
189,exit_at_first_1_0r,1.0
189,trail_0_5r_after_1_0r,2.0999768313824365
189,time_exit_after_4_bars_if_mfe_lt_0_3r,-0.3104122557237034
189,partial_50pct_at_1r,0.34479387213814827
190,baseline,2.6861691734290494
190,breakeven_after_0_5r,0.0
190,breakeven_after_1_0r,2.6861691734290494
190,exit_at_first_0_5r,0.5
190,exit_at_first_1_0r,1.0
190,trail_0_5r_after_1_0r,2.9178749939655306
190,time_exit_after_4_bars_if_mfe_lt_0_3r,2.6861691734290494
190,partial_50pct_at_1r,1.8430845867145247
191,baseline,-0.19026105223212636
191,breakeven_after_0_5r,0.0
191,breakeven_after_1_0r,0.0
191,exit_at_first_0_5r,0.5
191,exit_at_first_1_0r,1.0
191,trail_0_5r_after_1_0r,0.7131765164157773
191,time_exit_after_4_bars_if_mfe_lt_0_3r,-0.19026105223212636
191,partial_50pct_at_1r,0.4048694738839368
192,baseline,-1.9166267701673583
192,breakeven_after_0_5r,0.0
192,breakeven_after_1_0r,-1.9166267701673583
192,exit_at_first_0_5r,0.5
192,exit_at_first_1_0r,-1.9166267701673583
192,trail_0_5r_after_1_0r,-1.9166267701673583
192,time_exit_after_4_bars_if_mfe_lt_0_3r,-1.9166267701673583
192,partial_50pct_at_1r,-1.9166267701673583
193,baseline,0.3984286377129121
193,breakeven_after_0_5r,0.0
193,breakeven_after_1_0r,0.0
193,exit_at_first_0_5r,0.5
193,exit_at_first_1_0r,1.0
193,trail_0_5r_after_1_0r,0.6230064128891739
193,time_exit_after_4_bars_if_mfe_lt_0_3r,0.3984286377129121
193,partial_50pct_at_1r,0.699214318856456
194,baseline,1.9259577996835362
194,breakeven_after_0_5r,0.0
194,breakeven_after_1_0r,0.0
194,exit_at_first_0_5r,0.5
194,exit_at_first_1_0r,1.0
194,trail_0_5r_after_1_0r,1.679811669824971
194,time_exit_after_4_bars_if_mfe_lt_0_3r,1.9259577996835362
194,partial_50pct_at_1r,1.462978899841768
195,baseline,-2.143559601304945
195,breakeven_after_0_5r,0.0
195,breakeven_after_1_0r,0.0
195,exit_at_first_0_5r,0.5
195,exit_at_first_1_0r,1.0
195,trail_0_5r_after_1_0r,0.5216221146011959
195,time_exit_after_4_bars_if_mfe_lt_0_3r,-2.143559601304945
195,partial_50pct_at_1r,-0.5717798006524726
196,baseline,-2.2350303445709074
196,breakeven_after_0_5r,0.0
196,breakeven_after_1_0r,0.0
196,exit_at_first_0_5r,0.5
196,exit_at_first_1_0r,1.0
196,trail_0_5r_after_1_0r,0.663175546447448
196,time_exit_after_4_bars_if_mfe_lt_0_3r,-2.2350303445709074
196,partial_50pct_at_1r,-0.6175151722854537
197,baseline,-10.071883794449905
197,breakeven_after_0_5r,0.0
197,breakeven_after_1_0r,-10.071883794449905
197,exit_at_first_0_5r,0.5
197,exit_at_first_1_0r,-10.071883794449905
197,trail_0_5r_after_1_0r,-10.071883794449905
197,time_exit_after_4_bars_if_mfe_lt_0_3r,-10.071883794449905
197,partial_50pct_at_1r,-10.071883794449905
198,baseline,-1.5266958270163784
198,breakeven_after_0_5r,0.0
198,breakeven_after_1_0r,-1.5266958270163784
198,exit_at_first_0_5r,0.5
198,exit_at_first_1_0r,-1.5266958270163784
198,trail_0_5r_after_1_0r,-1.5266958270163784
198,time_exit_after_4_bars_if_mfe_lt_0_3r,-1.5266958270163784
198,partial_50pct_at_1r,-1.5266958270163784
199,baseline,6.683149644338204
199,breakeven_after_0_5r,0.0
199,breakeven_after_1_0r,0.0
199,exit_at_first_0_5r,0.5
199,exit_at_first_1_0r,1.0
199,trail_0_5r_after_1_0r,1.1085893927376975
199,time_exit_after_4_bars_if_mfe_lt_0_3r,6.683149644338204
199,partial_50pct_at_1r,3.841574822169102
200,baseline,-2.6455439592321177
200,breakeven_after_0_5r,0.0
200,breakeven_after_1_0r,0.0
200,exit_at_first_0_5r,0.5
200,exit_at_first_1_0r,1.0
200,trail_0_5r_after_1_0r,1.4865915440654518
200,time_exit_after_4_bars_if_mfe_lt_0_3r,-2.6455439592321177
200,partial_50pct_at_1r,-0.8227719796160589
201,baseline,1.912083174683249
201,breakeven_after_0_5r,0.0
201,breakeven_after_1_0r,0.0
201,exit_at_first_0_5r,0.5
201,exit_at_first_1_0r,1.0
201,trail_0_5r_after_1_0r,2.156685266786328
201,time_exit_after_4_bars_if_mfe_lt_0_3r,1.912083174683249
201,partial_50pct_at_1r,1.4560415873416246
202,baseline,-0.3266091306192318
202,breakeven_after_0_5r,0.0
202,breakeven_after_1_0r,0.0
202,exit_at_first_0_5r,0.5
202,exit_at_first_1_0r,1.0
202,trail_0_5r_after_1_0r,1.4761734574155894
202,time_exit_after_4_bars_if_mfe_lt_0_3r,-0.3266091306192318
202,partial_50pct_at_1r,0.3366954346903841
203,baseline,1.078332155673431
203,breakeven_after_0_5r,0.0
203,breakeven_after_1_0r,0.0
203,exit_at_first_0_5r,0.5
203,exit_at_first_1_0r,1.0
203,trail_0_5r_after_1_0r,4.005720991711654
203,time_exit_after_4_bars_if_mfe_lt_0_3r,1.078332155673431
203,partial_50pct_at_1r,1.0391660778367156
204,baseline,0.6621097370603739
204,breakeven_after_0_5r,0.0
204,breakeven_after_1_0r,0.0
204,exit_at_first_0_5r,0.5
204,exit_at_first_1_0r,1.0
204,trail_0_5r_after_1_0r,0.5520239996206007
204,time_exit_after_4_bars_if_mfe_lt_0_3r,0.6621097370603739
204,partial_50pct_at_1r,0.831054868530187
205,baseline,-4.515135237832267
205,breakeven_after_0_5r,0.0
205,breakeven_after_1_0r,0.0
205,exit_at_first_0_5r,0.5
205,exit_at_first_1_0r,1.0
205,trail_0_5r_after_1_0r,0.6753860679936621
205,time_exit_after_4_bars_if_mfe_lt_0_3r,-4.515135237832267
205,partial_50pct_at_1r,-1.7575676189161333
206,baseline,-6.707873069571179
206,breakeven_after_0_5r,-6.707873069571179
206,breakeven_after_1_0r,-6.707873069571179
206,exit_at_first_0_5r,-6.707873069571179
206,exit_at_first_1_0r,-6.707873069571179
206,trail_0_5r_after_1_0r,-6.707873069571179
206,time_exit_after_4_bars_if_mfe_lt_0_3r,-6.707873069571179
206,partial_50pct_at_1r,-6.707873069571179
207,baseline,0.3171387366767737
207,breakeven_after_0_5r,0.0
207,breakeven_after_1_0r,0.0
207,exit_at_first_0_5r,0.5
207,exit_at_first_1_0r,1.0
207,trail_0_5r_after_1_0r,2.2569362322708253
207,time_exit_after_4_bars_if_mfe_lt_0_3r,0.3171387366767737
207,partial_50pct_at_1r,0.6585693683383869
208,baseline,0.7628818289943343
208,breakeven_after_0_5r,0.0
208,breakeven_after_1_0r,0.0
208,exit_at_first_0_5r,0.5
208,exit_at_first_1_0r,1.0
208,trail_0_5r_after_1_0r,1.7685288709641127
208,time_exit_after_4_bars_if_mfe_lt_0_3r,0.7628818289943343
208,partial_50pct_at_1r,0.8814409144971671
209,baseline,-0.8814334986598779
209,breakeven_after_0_5r,0.0
209,breakeven_after_1_0r,0.0
209,exit_at_first_0_5r,0.5
209,exit_at_first_1_0r,1.0
209,trail_0_5r_after_1_0r,2.3095979098234025
209,time_exit_after_4_bars_if_mfe_lt_0_3r,-0.8814334986598779
209,partial_50pct_at_1r,0.05928325067006107
210,baseline,-4.359054233925613
210,breakeven_after_0_5r,0.0
210,breakeven_after_1_0r,-4.359054233925613
210,exit_at_first_0_5r,0.5
210,exit_at_first_1_0r,-4.359054233925613
210,trail_0_5r_after_1_0r,-4.359054233925613
210,time_exit_after_4_bars_if_mfe_lt_0_3r,-4.359054233925613
210,partial_50pct_at_1r,-4.359054233925613
211,baseline,-3.74775866404086
211,breakeven_after_0_5r,0.0
211,breakeven_after_1_0r,-3.74775866404086
211,exit_at_first_0_5r,0.5
211,exit_at_first_1_0r,-3.74775866404086
211,trail_0_5r_after_1_0r,-3.74775866404086
211,time_exit_after_4_bars_if_mfe_lt_0_3r,-3.74775866404086
211,partial_50pct_at_1r,-3.74775866404086
212,baseline,-2.034476798312608
212,breakeven_after_0_5r,0.0
212,breakeven_after_1_0r,-2.034476798312608
212,exit_at_first_0_5r,0.5
212,exit_at_first_1_0r,-2.034476798312608
212,trail_0_5r_after_1_0r,-2.034476798312608
212,time_exit_after_4_bars_if_mfe_lt_0_3r,-2.034476798312608
212,partial_50pct_at_1r,-2.034476798312608
213,baseline,-0.941857738397693
213,breakeven_after_0_5r,0.0
213,breakeven_after_1_0r,-0.941857738397693
213,exit_at_first_0_5r,0.5
213,exit_at_first_1_0r,-0.941857738397693
213,trail_0_5r_after_1_0r,-0.941857738397693
213,time_exit_after_4_bars_if_mfe_lt_0_3r,-0.941857738397693
213,partial_50pct_at_1r,-0.941857738397693
214,baseline,4.275121812453417
214,breakeven_after_0_5r,0.0
214,breakeven_after_1_0r,0.0
214,exit_at_first_0_5r,0.5
214,exit_at_first_1_0r,1.0
214,trail_0_5r_after_1_0r,0.7484868125935245
214,time_exit_after_4_bars_if_mfe_lt_0_3r,4.275121812453417
214,partial_50pct_at_1r,2.6375609062267085
215,baseline,3.8043229114297636
215,breakeven_after_0_5r,0.0
215,breakeven_after_1_0r,0.0
215,exit_at_first_0_5r,0.5
215,exit_at_first_1_0r,1.0
215,trail_0_5r_after_1_0r,1.5660271838373143
215,time_exit_after_4_bars_if_mfe_lt_0_3r,3.8043229114297636
215,partial_50pct_at_1r,2.402161455714882
216,baseline,2.7554645448723494
216,breakeven_after_0_5r,0.0
216,breakeven_after_1_0r,2.7554645448723494
216,exit_at_first_0_5r,0.5
216,exit_at_first_1_0r,1.0
216,trail_0_5r_after_1_0r,0.5435958572137196
216,time_exit_after_4_bars_if_mfe_lt_0_3r,2.7554645448723494
216,partial_50pct_at_1r,1.8777322724361747
217,baseline,-0.9026183970478373
217,breakeven_after_0_5r,0.0
217,breakeven_after_1_0r,0.0
217,exit_at_first_0_5r,0.5
217,exit_at_first_1_0r,1.0
217,trail_0_5r_after_1_0r,0.6522808912623037
217,time_exit_after_4_bars_if_mfe_lt_0_3r,-0.9026183970478373
217,partial_50pct_at_1r,0.04869080147608135
218,baseline,0.27635500502885374
218,breakeven_after_0_5r,0.0
218,breakeven_after_1_0r,0.0
218,exit_at_first_0_5r,0.5
218,exit_at_first_1_0r,1.0
218,trail_0_5r_after_1_0r,0.8052104479730766
218,time_exit_after_4_bars_if_mfe_lt_0_3r,0.27635500502885374
218,partial_50pct_at_1r,0.6381775025144268
219,baseline,0.9820344308064666
219,breakeven_after_0_5r,0.0
219,breakeven_after_1_0r,0.0
219,exit_at_first_0_5r,0.5
219,exit_at_first_1_0r,1.0
219,trail_0_5r_after_1_0r,0.7314503630332669
219,time_exit_after_4_bars_if_mfe_lt_0_3r,0.9820344308064666
219,partial_50pct_at_1r,0.9910172154032333
220,baseline,1.2756033346606062
220,breakeven_after_0_5r,0.0
220,breakeven_after_1_0r,0.0
220,exit_at_first_0_5r,0.5
220,exit_at_first_1_0r,1.0
220,trail_0_5r_after_1_0r,0.9270218840311528
220,time_exit_after_4_bars_if_mfe_lt_0_3r,1.2756033346606062
220,partial_50pct_at_1r,1.137801667330303
221,baseline,5.390658170684851
221,breakeven_after_0_5r,0.0
221,breakeven_after_1_0r,5.390658170684851
221,exit_at_first_0_5r,0.5
221,exit_at_first_1_0r,1.0
221,trail_0_5r_after_1_0r,1.389610689999369
221,time_exit_after_4_bars_if_mfe_lt_0_3r,5.390658170684851
221,partial_50pct_at_1r,3.1953290853424257
222,baseline,0.010024650813618967
222,breakeven_after_0_5r,0.0
222,breakeven_after_1_0r,0.0
222,exit_at_first_0_5r,0.5
222,exit_at_first_1_0r,1.0
222,trail_0_5r_after_1_0r,0.5351541601013845
222,time_exit_after_4_bars_if_mfe_lt_0_3r,0.010024650813618967
222,partial_50pct_at_1r,0.5050123254068095
223,baseline,-1.7129591696956121
223,breakeven_after_0_5r,0.0
223,breakeven_after_1_0r,0.0
223,exit_at_first_0_5r,0.5
223,exit_at_first_1_0r,1.0
223,trail_0_5r_after_1_0r,1.4422768836496531
223,time_exit_after_4_bars_if_mfe_lt_0_3r,-1.104171105088485
223,partial_50pct_at_1r,-0.35647958484780606
224,baseline,0.9731129873834923
224,breakeven_after_0_5r,0.0
224,breakeven_after_1_0r,0.0
224,exit_at_first_0_5r,0.5
224,exit_at_first_1_0r,1.0
224,trail_0_5r_after_1_0r,0.7782950856284245
224,time_exit_after_4_bars_if_mfe_lt_0_3r,0.9731129873834923
224,partial_50pct_at_1r,0.9865564936917461
225,baseline,-1.5082634426422414
225,breakeven_after_0_5r,0.0
225,breakeven_after_1_0r,-1.5082634426422414
225,exit_at_first_0_5r,0.5
225,exit_at_first_1_0r,-1.5082634426422414
225,trail_0_5r_after_1_0r,-1.5082634426422414
225,time_exit_after_4_bars_if_mfe_lt_0_3r,-1.5082634426422414
225,partial_50pct_at_1r,-1.5082634426422414
226,baseline,5.453469798461227
226,breakeven_after_0_5r,0.0
226,breakeven_after_1_0r,5.453469798461227
226,exit_at_first_0_5r,0.5
226,exit_at_first_1_0r,1.0
226,trail_0_5r_after_1_0r,1.3011921085426523
226,time_exit_after_4_bars_if_mfe_lt_0_3r,5.453469798461227
226,partial_50pct_at_1r,3.2267348992306135
227,baseline,3.109270310767405
227,breakeven_after_0_5r,0.0
227,breakeven_after_1_0r,0.0
227,exit_at_first_0_5r,0.5
227,exit_at_first_1_0r,1.0
227,trail_0_5r_after_1_0r,0.5993573471475813
227,time_exit_after_4_bars_if_mfe_lt_0_3r,3.109270310767405
227,partial_50pct_at_1r,2.0546351553837026
228,baseline,1.3822505241225411
228,breakeven_after_0_5r,0.0
228,breakeven_after_1_0r,0.0
228,exit_at_first_0_5r,0.5
228,exit_at_first_1_0r,1.0
228,trail_0_5r_after_1_0r,0.8747161780137938
228,time_exit_after_4_bars_if_mfe_lt_0_3r,1.3822505241225411
228,partial_50pct_at_1r,1.1911252620612705
229,baseline,2.031881309898178
229,breakeven_after_0_5r,0.0
229,breakeven_after_1_0r,2.031881309898178
229,exit_at_first_0_5r,0.5
229,exit_at_first_1_0r,1.0
229,trail_0_5r_after_1_0r,1.6887621457640773
229,time_exit_after_4_bars_if_mfe_lt_0_3r,2.031881309898178
229,partial_50pct_at_1r,1.515940654949089
230,baseline,-0.5910604266634897
230,breakeven_after_0_5r,0.0
230,breakeven_after_1_0r,-0.5910604266634897
230,exit_at_first_0_5r,0.5
230,exit_at_first_1_0r,-0.5910604266634897
230,trail_0_5r_after_1_0r,-0.5910604266634897
230,time_exit_after_4_bars_if_mfe_lt_0_3r,-0.5910604266634897
230,partial_50pct_at_1r,-0.5910604266634897
231,baseline,-2.5762635700551093
231,breakeven_after_0_5r,-2.5762635700551093
231,breakeven_after_1_0r,-2.5762635700551093
231,exit_at_first_0_5r,-2.5762635700551093
231,exit_at_first_1_0r,-2.5762635700551093
231,trail_0_5r_after_1_0r,-2.5762635700551093
231,time_exit_after_4_bars_if_mfe_lt_0_3r,-2.5762635700551093
231,partial_50pct_at_1r,-2.5762635700551093
232,baseline,-0.6634646950180385
232,breakeven_after_0_5r,0.0
232,breakeven_after_1_0r,0.0
232,exit_at_first_0_5r,0.5
232,exit_at_first_1_0r,1.0
232,trail_0_5r_after_1_0r,2.2003040090273
232,time_exit_after_4_bars_if_mfe_lt_0_3r,-0.6634646950180385
232,partial_50pct_at_1r,0.16826765249098075
233,baseline,-5.176254638776273
233,breakeven_after_0_5r,0.0
233,breakeven_after_1_0r,-5.176254638776273
233,exit_at_first_0_5r,0.5
233,exit_at_first_1_0r,-5.176254638776273
233,trail_0_5r_after_1_0r,-5.176254638776273
233,time_exit_after_4_bars_if_mfe_lt_0_3r,-5.176254638776273
233,partial_50pct_at_1r,-5.176254638776273
234,baseline,-4.830899486824251
234,breakeven_after_0_5r,0.0
234,breakeven_after_1_0r,0.0
234,exit_at_first_0_5r,0.5
234,exit_at_first_1_0r,1.0
234,trail_0_5r_after_1_0r,0.722265385188402
234,time_exit_after_4_bars_if_mfe_lt_0_3r,-4.830899486824251
234,partial_50pct_at_1r,-1.9154497434121254
235,baseline,-0.7749628310022489
235,breakeven_after_0_5r,0.0
235,breakeven_after_1_0r,0.0
235,exit_at_first_0_5r,0.5
235,exit_at_first_1_0r,1.0
235,trail_0_5r_after_1_0r,0.8836325617217529
235,time_exit_after_4_bars_if_mfe_lt_0_3r,-0.7749628310022489
235,partial_50pct_at_1r,0.11251858449887553
236,baseline,8.253062759760793
236,breakeven_after_0_5r,0.0
236,breakeven_after_1_0r,0.0
236,exit_at_first_0_5r,0.5
236,exit_at_first_1_0r,1.0
236,trail_0_5r_after_1_0r,0.7788138212004312
236,time_exit_after_4_bars_if_mfe_lt_0_3r,8.253062759760793
236,partial_50pct_at_1r,4.626531379880396
237,baseline,-2.299010162004178
237,breakeven_after_0_5r,0.0
237,breakeven_after_1_0r,-2.299010162004178
237,exit_at_first_0_5r,0.5
237,exit_at_first_1_0r,-2.299010162004178
237,trail_0_5r_after_1_0r,-2.299010162004178
237,time_exit_after_4_bars_if_mfe_lt_0_3r,-2.299010162004178
237,partial_50pct_at_1r,-2.299010162004178
238,baseline,4.180370816943999
238,breakeven_after_0_5r,0.0
238,breakeven_after_1_0r,4.180370816943999
238,exit_at_first_0_5r,0.5
238,exit_at_first_1_0r,1.0
238,trail_0_5r_after_1_0r,1.4565423658223053
238,time_exit_after_4_bars_if_mfe_lt_0_3r,4.180370816943999
238,partial_50pct_at_1r,2.5901854084719993
239,baseline,2.1874109689636576
239,breakeven_after_0_5r,0.0
239,breakeven_after_1_0r,2.1874109689636576
239,exit_at_first_0_5r,0.5
239,exit_at_first_1_0r,1.0
239,trail_0_5r_after_1_0r,0.6472506186509857
239,time_exit_after_4_bars_if_mfe_lt_0_3r,2.1874109689636576
239,partial_50pct_at_1r,1.5937054844818288
240,baseline,2.53338832709594
240,breakeven_after_0_5r,0.0
240,breakeven_after_1_0r,2.53338832709594
240,exit_at_first_0_5r,0.5
240,exit_at_first_1_0r,1.0
240,trail_0_5r_after_1_0r,0.9000405379388277
240,time_exit_after_4_bars_if_mfe_lt_0_3r,2.53338832709594
240,partial_50pct_at_1r,1.76669416354797
241,baseline,2.7445985961260817
241,breakeven_after_0_5r,0.0
241,breakeven_after_1_0r,2.7445985961260817
241,exit_at_first_0_5r,0.5
241,exit_at_first_1_0r,1.0
241,trail_0_5r_after_1_0r,1.791247685930824
241,time_exit_after_4_bars_if_mfe_lt_0_3r,2.7445985961260817
241,partial_50pct_at_1r,1.8722992980630409
242,baseline,-0.657200622240334
242,breakeven_after_0_5r,0.0
242,breakeven_after_1_0r,0.0
242,exit_at_first_0_5r,0.5
242,exit_at_first_1_0r,1.0
242,trail_0_5r_after_1_0r,2.163022325848605
242,time_exit_after_4_bars_if_mfe_lt_0_3r,-0.657200622240334
242,partial_50pct_at_1r,0.17139968887983298
243,baseline,-1.7524319842193778
243,breakeven_after_0_5r,0.0
243,breakeven_after_1_0r,0.0
243,exit_at_first_0_5r,0.5
243,exit_at_first_1_0r,1.0
243,trail_0_5r_after_1_0r,0.863382400341218
243,time_exit_after_4_bars_if_mfe_lt_0_3r,-1.7524319842193778
243,partial_50pct_at_1r,-0.3762159921096889
244,baseline,2.272483167361226
244,breakeven_after_0_5r,0.0
244,breakeven_after_1_0r,2.272483167361226
244,exit_at_first_0_5r,0.5
244,exit_at_first_1_0r,1.0
244,trail_0_5r_after_1_0r,0.6514293406947012
244,time_exit_after_4_bars_if_mfe_lt_0_3r,2.272483167361226
244,partial_50pct_at_1r,1.636241583680613
245,baseline,-0.25329847553654394
245,breakeven_after_0_5r,0.0
245,breakeven_after_1_0r,0.0
245,exit_at_first_0_5r,0.5
245,exit_at_first_1_0r,1.0
245,trail_0_5r_after_1_0r,0.8001037691191317
245,time_exit_after_4_bars_if_mfe_lt_0_3r,-0.25329847553654394
245,partial_50pct_at_1r,0.37335076223172803
246,baseline,2.3091139894805
246,breakeven_after_0_5r,0.0
246,breakeven_after_1_0r,0.0
246,exit_at_first_0_5r,0.5
246,exit_at_first_1_0r,1.0
246,trail_0_5r_after_1_0r,1.8669288768447068
246,time_exit_after_4_bars_if_mfe_lt_0_3r,2.3091139894805
246,partial_50pct_at_1r,1.65455699474025
247,baseline,0.88459420760531
247,breakeven_after_0_5r,0.0
247,breakeven_after_1_0r,0.88459420760531
247,exit_at_first_0_5r,0.5
247,exit_at_first_1_0r,1.0
247,trail_0_5r_after_1_0r,1.4315322444258596
247,time_exit_after_4_bars_if_mfe_lt_0_3r,0.88459420760531
247,partial_50pct_at_1r,0.9422971038026551
248,baseline,-0.1903418340281413
248,breakeven_after_0_5r,0.0
248,breakeven_after_1_0r,0.0
248,exit_at_first_0_5r,0.5
248,exit_at_first_1_0r,1.0
248,trail_0_5r_after_1_0r,1.183770980852649
248,time_exit_after_4_bars_if_mfe_lt_0_3r,-0.1903418340281413
248,partial_50pct_at_1r,0.40482908298592934
249,baseline,1.3759574608538774
249,breakeven_after_0_5r,0.0
249,breakeven_after_1_0r,0.0
249,exit_at_first_0_5r,0.5
249,exit_at_first_1_0r,1.0
249,trail_0_5r_after_1_0r,0.690456689962526
249,time_exit_after_4_bars_if_mfe_lt_0_3r,1.3759574608538774
249,partial_50pct_at_1r,1.1879787304269387
250,baseline,-0.9829976627346201
250,breakeven_after_0_5r,0.0
250,breakeven_after_1_0r,-0.9829976627346201
250,exit_at_first_0_5r,0.5
250,exit_at_first_1_0r,-0.9829976627346201
250,trail_0_5r_after_1_0r,-0.9829976627346201
250,time_exit_after_4_bars_if_mfe_lt_0_3r,-0.9829976627346201
250,partial_50pct_at_1r,-0.9829976627346201
251,baseline,2.285250216611652
251,breakeven_after_0_5r,0.0
251,breakeven_after_1_0r,0.0
251,exit_at_first_0_5r,0.5
251,exit_at_first_1_0r,1.0
251,trail_0_5r_after_1_0r,3.431343009052805
251,time_exit_after_4_bars_if_mfe_lt_0_3r,2.285250216611652
251,partial_50pct_at_1r,1.642625108305826
252,baseline,2.1825732981606167
252,breakeven_after_0_5r,0.0
252,breakeven_after_1_0r,0.0
252,exit_at_first_0_5r,0.5
252,exit_at_first_1_0r,1.0
252,trail_0_5r_after_1_0r,1.0642620613134073
252,time_exit_after_4_bars_if_mfe_lt_0_3r,2.1825732981606167
252,partial_50pct_at_1r,1.5912866490803084
253,baseline,-2.1509138847007874
253,breakeven_after_0_5r,0.0
253,breakeven_after_1_0r,0.0
253,exit_at_first_0_5r,0.5
253,exit_at_first_1_0r,1.0
253,trail_0_5r_after_1_0r,0.6146164769842508
253,time_exit_after_4_bars_if_mfe_lt_0_3r,-2.1509138847007874
253,partial_50pct_at_1r,-0.5754569423503937
254,baseline,-1.910902275238025
254,breakeven_after_0_5r,0.0
254,breakeven_after_1_0r,-1.910902275238025
254,exit_at_first_0_5r,0.5
254,exit_at_first_1_0r,-1.910902275238025
254,trail_0_5r_after_1_0r,-1.910902275238025
254,time_exit_after_4_bars_if_mfe_lt_0_3r,-1.910902275238025
254,partial_50pct_at_1r,-1.910902275238025
255,baseline,-4.3084078549591975
255,breakeven_after_0_5r,0.0
255,breakeven_after_1_0r,-4.3084078549591975
255,exit_at_first_0_5r,0.5
255,exit_at_first_1_0r,-4.3084078549591975
255,trail_0_5r_after_1_0r,-4.3084078549591975
255,time_exit_after_4_bars_if_mfe_lt_0_3r,-4.3084078549591975
255,partial_50pct_at_1r,-4.3084078549591975
256,baseline,-5.747187438694544
256,breakeven_after_0_5r,0.0
256,breakeven_after_1_0r,-5.747187438694544
256,exit_at_first_0_5r,0.5
256,exit_at_first_1_0r,-5.747187438694544
256,trail_0_5r_after_1_0r,-5.747187438694544
256,time_exit_after_4_bars_if_mfe_lt_0_3r,-5.747187438694544
256,partial_50pct_at_1r,-5.747187438694544
257,baseline,-6.259348144303213
257,breakeven_after_0_5r,0.0
257,breakeven_after_1_0r,0.0
257,exit_at_first_0_5r,0.5
257,exit_at_first_1_0r,1.0
257,trail_0_5r_after_1_0r,0.6353346712615431
257,time_exit_after_4_bars_if_mfe_lt_0_3r,-6.259348144303213
257,partial_50pct_at_1r,-2.6296740721516065
258,baseline,5.532483707020591
258,breakeven_after_0_5r,0.0
258,breakeven_after_1_0r,0.0
258,exit_at_first_0_5r,0.5
258,exit_at_first_1_0r,1.0
258,trail_0_5r_after_1_0r,0.5364533222975152
258,time_exit_after_4_bars_if_mfe_lt_0_3r,5.532483707020591
258,partial_50pct_at_1r,3.2662418535102953
259,baseline,4.440821484514606
259,breakeven_after_0_5r,0.0
259,breakeven_after_1_0r,0.0
259,exit_at_first_0_5r,0.5
259,exit_at_first_1_0r,1.0
259,trail_0_5r_after_1_0r,0.9979319738280499
259,time_exit_after_4_bars_if_mfe_lt_0_3r,4.440821484514606
259,partial_50pct_at_1r,2.720410742257303
260,baseline,2.6363570703637076
260,breakeven_after_0_5r,0.0
260,breakeven_after_1_0r,0.0
260,exit_at_first_0_5r,0.5
260,exit_at_first_1_0r,1.0
260,trail_0_5r_after_1_0r,0.8107553840972181
260,time_exit_after_4_bars_if_mfe_lt_0_3r,2.6363570703637076
260,partial_50pct_at_1r,1.8181785351818538
261,baseline,0.4861178009870259
261,breakeven_after_0_5r,0.0
261,breakeven_after_1_0r,0.0
261,exit_at_first_0_5r,0.5
261,exit_at_first_1_0r,1.0
261,trail_0_5r_after_1_0r,0.7347523318451197
261,time_exit_after_4_bars_if_mfe_lt_0_3r,0.4861178009870259
261,partial_50pct_at_1r,0.743058900493513
262,baseline,-0.047590292716555266
262,breakeven_after_0_5r,0.0
262,breakeven_after_1_0r,0.0
262,exit_at_first_0_5r,0.5
262,exit_at_first_1_0r,1.0
262,trail_0_5r_after_1_0r,1.4569941604838783
262,time_exit_after_4_bars_if_mfe_lt_0_3r,-0.047590292716555266
262,partial_50pct_at_1r,0.4762048536417224
263,baseline,-2.4252022468861756
263,breakeven_after_0_5r,0.0
263,breakeven_after_1_0r,0.0
263,exit_at_first_0_5r,0.5
263,exit_at_first_1_0r,1.0
263,trail_0_5r_after_1_0r,0.6282806029613732
263,time_exit_after_4_bars_if_mfe_lt_0_3r,-2.4252022468861756
263,partial_50pct_at_1r,-0.7126011234430878
264,baseline,0.5250119644473569
264,breakeven_after_0_5r,0.0
264,breakeven_after_1_0r,0.5250119644473569
264,exit_at_first_0_5r,0.5
264,exit_at_first_1_0r,1.0
264,trail_0_5r_after_1_0r,0.9653759082507083
264,time_exit_after_4_bars_if_mfe_lt_0_3r,0.5250119644473569
264,partial_50pct_at_1r,0.7625059822236784
265,baseline,1.0167650937470118
265,breakeven_after_0_5r,0.0
265,breakeven_after_1_0r,0.0
265,exit_at_first_0_5r,0.5
265,exit_at_first_1_0r,1.0
265,trail_0_5r_after_1_0r,0.5404809704231579
265,time_exit_after_4_bars_if_mfe_lt_0_3r,1.0167650937470118
265,partial_50pct_at_1r,1.008382546873506
266,baseline,4.425795502641364
266,breakeven_after_0_5r,0.0
266,breakeven_after_1_0r,0.0
266,exit_at_first_0_5r,0.5
266,exit_at_first_1_0r,1.0
266,trail_0_5r_after_1_0r,0.7739745649397962
266,time_exit_after_4_bars_if_mfe_lt_0_3r,4.425795502641364
266,partial_50pct_at_1r,2.712897751320682
267,baseline,-6.971759642456124
267,breakeven_after_0_5r,0.0
267,breakeven_after_1_0r,0.0
267,exit_at_first_0_5r,0.5
267,exit_at_first_1_0r,1.0
267,trail_0_5r_after_1_0r,0.8932573541794582
267,time_exit_after_4_bars_if_mfe_lt_0_3r,-6.971759642456124
267,partial_50pct_at_1r,-2.985879821228062
268,baseline,1.5413020206121548
268,breakeven_after_0_5r,0.0
268,breakeven_after_1_0r,0.0
268,exit_at_first_0_5r,0.5
268,exit_at_first_1_0r,1.0
268,trail_0_5r_after_1_0r,0.9378968171560131
268,time_exit_after_4_bars_if_mfe_lt_0_3r,1.5413020206121548
268,partial_50pct_at_1r,1.2706510103060773
269,baseline,3.845619477559817
269,breakeven_after_0_5r,0.0
269,breakeven_after_1_0r,0.0
269,exit_at_first_0_5r,0.5
269,exit_at_first_1_0r,1.0
269,trail_0_5r_after_1_0r,3.759001467491448
269,time_exit_after_4_bars_if_mfe_lt_0_3r,3.845619477559817
269,partial_50pct_at_1r,2.4228097387799084
270,baseline,7.071566887275367
270,breakeven_after_0_5r,0.0
270,breakeven_after_1_0r,0.0
270,exit_at_first_0_5r,0.5
270,exit_at_first_1_0r,1.0
270,trail_0_5r_after_1_0r,0.6606925995925597
270,time_exit_after_4_bars_if_mfe_lt_0_3r,7.071566887275367
270,partial_50pct_at_1r,4.035783443637683
271,baseline,-5.932739326941624
271,breakeven_after_0_5r,0.0
271,breakeven_after_1_0r,-5.932739326941624
271,exit_at_first_0_5r,0.5
271,exit_at_first_1_0r,-5.932739326941624
271,trail_0_5r_after_1_0r,-5.932739326941624
271,time_exit_after_4_bars_if_mfe_lt_0_3r,-5.932739326941624
271,partial_50pct_at_1r,-5.932739326941624
272,baseline,-2.5740801357054823
272,breakeven_after_0_5r,0.0
272,breakeven_after_1_0r,0.0
272,exit_at_first_0_5r,0.5
272,exit_at_first_1_0r,1.0
272,trail_0_5r_after_1_0r,1.7946360910012804
272,time_exit_after_4_bars_if_mfe_lt_0_3r,-2.5740801357054823
272,partial_50pct_at_1r,-0.7870400678527412
273,baseline,-0.5477234929424641
273,breakeven_after_0_5r,0.0
273,breakeven_after_1_0r,0.0
273,exit_at_first_0_5r,0.5
273,exit_at_first_1_0r,1.0
273,trail_0_5r_after_1_0r,0.7956955931772034
273,time_exit_after_4_bars_if_mfe_lt_0_3r,-0.5477234929424641
273,partial_50pct_at_1r,0.22613825352876793
274,baseline,0.6066861603016066
274,breakeven_after_0_5r,0.0
274,breakeven_after_1_0r,0.0
274,exit_at_first_0_5r,0.5
274,exit_at_first_1_0r,1.0
274,trail_0_5r_after_1_0r,0.612799878209854
274,time_exit_after_4_bars_if_mfe_lt_0_3r,0.6066861603016066
274,partial_50pct_at_1r,0.8033430801508032
275,baseline,7.785915801124337
275,breakeven_after_0_5r,0.0
275,breakeven_after_1_0r,7.785915801124337
275,exit_at_first_0_5r,0.5
275,exit_at_first_1_0r,1.0
275,trail_0_5r_after_1_0r,0.722177251373965
275,time_exit_after_4_bars_if_mfe_lt_0_3r,7.785915801124337
275,partial_50pct_at_1r,4.392957900562168
276,baseline,-1.8328132996153155
276,breakeven_after_0_5r,0.0
276,breakeven_after_1_0r,0.0
276,exit_at_first_0_5r,0.5
276,exit_at_first_1_0r,1.0
276,trail_0_5r_after_1_0r,0.5036989115371979
276,time_exit_after_4_bars_if_mfe_lt_0_3r,-1.8328132996153155
276,partial_50pct_at_1r,-0.41640664980765774
277,baseline,0.8660414623804467
277,breakeven_after_0_5r,0.0
277,breakeven_after_1_0r,0.8660414623804467
277,exit_at_first_0_5r,0.5
277,exit_at_first_1_0r,1.0
277,trail_0_5r_after_1_0r,1.872128519240686
277,time_exit_after_4_bars_if_mfe_lt_0_3r,0.8660414623804467
277,partial_50pct_at_1r,0.9330207311902233
278,baseline,0.5327954694084319
278,breakeven_after_0_5r,0.0
278,breakeven_after_1_0r,0.0
278,exit_at_first_0_5r,0.5
278,exit_at_first_1_0r,1.0
278,trail_0_5r_after_1_0r,1.2272600437020307
278,time_exit_after_4_bars_if_mfe_lt_0_3r,0.5327954694084319
278,partial_50pct_at_1r,0.7663977347042159
279,baseline,0.2313408219156538
279,breakeven_after_0_5r,0.0
279,breakeven_after_1_0r,0.0
279,exit_at_first_0_5r,0.5
279,exit_at_first_1_0r,1.0
279,trail_0_5r_after_1_0r,0.7534973977038331
279,time_exit_after_4_bars_if_mfe_lt_0_3r,0.2313408219156538
279,partial_50pct_at_1r,0.6156704109578269
280,baseline,0.17278783458233796
280,breakeven_after_0_5r,0.0
280,breakeven_after_1_0r,0.0
280,exit_at_first_0_5r,0.5
280,exit_at_first_1_0r,1.0
280,trail_0_5r_after_1_0r,1.3365447711404155
280,time_exit_after_4_bars_if_mfe_lt_0_3r,0.17278783458233796
280,partial_50pct_at_1r,0.586393917291169
281,baseline,3.6157737395738367
281,breakeven_after_0_5r,0.0
281,breakeven_after_1_0r,0.0
281,exit_at_first_0_5r,0.5
281,exit_at_first_1_0r,1.0
281,trail_0_5r_after_1_0r,1.1482238457762168
281,time_exit_after_4_bars_if_mfe_lt_0_3r,3.6157737395738367
281,partial_50pct_at_1r,2.3078868697869184
282,baseline,1.2971612188257204
282,breakeven_after_0_5r,0.0
282,breakeven_after_1_0r,0.0
282,exit_at_first_0_5r,0.5
282,exit_at_first_1_0r,1.0
282,trail_0_5r_after_1_0r,0.6676706685825016
282,time_exit_after_4_bars_if_mfe_lt_0_3r,1.2971612188257204
282,partial_50pct_at_1r,1.14858060941286
283,baseline,1.7712183925140692
283,breakeven_after_0_5r,0.0
283,breakeven_after_1_0r,0.0
283,exit_at_first_0_5r,0.5
283,exit_at_first_1_0r,1.0
283,trail_0_5r_after_1_0r,0.757315844739366
283,time_exit_after_4_bars_if_mfe_lt_0_3r,1.7712183925140692
283,partial_50pct_at_1r,1.3856091962570347
284,baseline,-0.25503744176640974
284,breakeven_after_0_5r,0.0
284,breakeven_after_1_0r,0.0
284,exit_at_first_0_5r,0.5
284,exit_at_first_1_0r,1.0
284,trail_0_5r_after_1_0r,0.8227168337238817
284,time_exit_after_4_bars_if_mfe_lt_0_3r,-0.25503744176640974
284,partial_50pct_at_1r,0.3724812791167951
285,baseline,-1.1134885870435662
285,breakeven_after_0_5r,0.0
285,breakeven_after_1_0r,0.0
285,exit_at_first_0_5r,0.5
285,exit_at_first_1_0r,1.0
285,trail_0_5r_after_1_0r,0.5797689454056267
285,time_exit_after_4_bars_if_mfe_lt_0_3r,-1.1134885870435662
285,partial_50pct_at_1r,-0.05674429352178312
286,baseline,-1.3589684033890224
286,breakeven_after_0_5r,-1.3589684033890224
286,breakeven_after_1_0r,-1.3589684033890224
286,exit_at_first_0_5r,-1.3589684033890224
286,exit_at_first_1_0r,-1.3589684033890224
286,trail_0_5r_after_1_0r,-1.3589684033890224
286,time_exit_after_4_bars_if_mfe_lt_0_3r,-0.9029377366073525
286,partial_50pct_at_1r,-1.3589684033890224
287,baseline,-1.7243721819730835
287,breakeven_after_0_5r,0.0
287,breakeven_after_1_0r,0.0
287,exit_at_first_0_5r,0.5
287,exit_at_first_1_0r,1.0
287,trail_0_5r_after_1_0r,0.8012904337424065
287,time_exit_after_4_bars_if_mfe_lt_0_3r,-1.7243721819730835
287,partial_50pct_at_1r,-0.36218609098654175
288,baseline,7.0472554841651185
288,breakeven_after_0_5r,0.0
288,breakeven_after_1_0r,7.0472554841651185
288,exit_at_first_0_5r,0.5
288,exit_at_first_1_0r,1.0
288,trail_0_5r_after_1_0r,2.1883276560060088
288,time_exit_after_4_bars_if_mfe_lt_0_3r,7.0472554841651185
288,partial_50pct_at_1r,4.023627742082559
289,baseline,0.7372427306232497
289,breakeven_after_0_5r,0.0
289,breakeven_after_1_0r,0.0
289,exit_at_first_0_5r,0.5
289,exit_at_first_1_0r,1.0
289,trail_0_5r_after_1_0r,1.8789139005251712
289,time_exit_after_4_bars_if_mfe_lt_0_3r,0.7372427306232497
289,partial_50pct_at_1r,0.8686213653116248
290,baseline,0.1062432520469988
290,breakeven_after_0_5r,0.0
290,breakeven_after_1_0r,0.0
290,exit_at_first_0_5r,0.5
290,exit_at_first_1_0r,1.0
290,trail_0_5r_after_1_0r,0.7928342076223536
290,time_exit_after_4_bars_if_mfe_lt_0_3r,0.1062432520469988
290,partial_50pct_at_1r,0.5531216260234995
291,baseline,5.559406021815298
291,breakeven_after_0_5r,0.0
291,breakeven_after_1_0r,0.0
291,exit_at_first_0_5r,0.5
291,exit_at_first_1_0r,1.0
291,trail_0_5r_after_1_0r,0.59858034034951
291,time_exit_after_4_bars_if_mfe_lt_0_3r,5.559406021815298
291,partial_50pct_at_1r,3.279703010907649
292,baseline,-0.22654309047934762
292,breakeven_after_0_5r,-0.22654309047934762
292,breakeven_after_1_0r,-0.22654309047934762
292,exit_at_first_0_5r,-0.22654309047934762
292,exit_at_first_1_0r,-0.22654309047934762
292,trail_0_5r_after_1_0r,-0.22654309047934762
292,time_exit_after_4_bars_if_mfe_lt_0_3r,-1.7650758880298982
292,partial_50pct_at_1r,-0.22654309047934762
293,baseline,2.4728045421645564
293,breakeven_after_0_5r,0.0
293,breakeven_after_1_0r,2.4728045421645564
293,exit_at_first_0_5r,0.5
293,exit_at_first_1_0r,1.0
293,trail_0_5r_after_1_0r,0.8258599972856211
293,time_exit_after_4_bars_if_mfe_lt_0_3r,2.4728045421645564
293,partial_50pct_at_1r,1.7364022710822782
294,baseline,-3.9684522296533404
294,breakeven_after_0_5r,0.0
294,breakeven_after_1_0r,0.0
294,exit_at_first_0_5r,0.5
294,exit_at_first_1_0r,1.0
294,trail_0_5r_after_1_0r,1.462595822318015
294,time_exit_after_4_bars_if_mfe_lt_0_3r,-3.9684522296533404
294,partial_50pct_at_1r,-1.4842261148266702
295,baseline,-1.7232151246021368
295,breakeven_after_0_5r,0.0
295,breakeven_after_1_0r,-1.7232151246021368
295,exit_at_first_0_5r,0.5
295,exit_at_first_1_0r,-1.7232151246021368
295,trail_0_5r_after_1_0r,-1.7232151246021368
295,time_exit_after_4_bars_if_mfe_lt_0_3r,-1.7232151246021368
295,partial_50pct_at_1r,-1.7232151246021368
296,baseline,3.7129859505666896
296,breakeven_after_0_5r,0.0
296,breakeven_after_1_0r,0.0
296,exit_at_first_0_5r,0.5
296,exit_at_first_1_0r,1.0
296,trail_0_5r_after_1_0r,1.326577719334434
296,time_exit_after_4_bars_if_mfe_lt_0_3r,3.7129859505666896
296,partial_50pct_at_1r,2.356492975283345
297,baseline,3.163228330458692
297,breakeven_after_0_5r,0.0
297,breakeven_after_1_0r,0.0
297,exit_at_first_0_5r,0.5
297,exit_at_first_1_0r,1.0
297,trail_0_5r_after_1_0r,0.734330562298602
297,time_exit_after_4_bars_if_mfe_lt_0_3r,3.163228330458692
297,partial_50pct_at_1r,2.081614165229346
298,baseline,-5.5962819047935906
298,breakeven_after_0_5r,0.0
298,breakeven_after_1_0r,-5.5962819047935906
298,exit_at_first_0_5r,0.5
298,exit_at_first_1_0r,-5.5962819047935906
298,trail_0_5r_after_1_0r,-5.5962819047935906
298,time_exit_after_4_bars_if_mfe_lt_0_3r,-5.5962819047935906
298,partial_50pct_at_1r,-5.5962819047935906
299,baseline,0.19102924002778326
299,breakeven_after_0_5r,0.0
299,breakeven_after_1_0r,0.0
299,exit_at_first_0_5r,0.5
299,exit_at_first_1_0r,1.0
299,trail_0_5r_after_1_0r,0.5152522073350772
299,time_exit_after_4_bars_if_mfe_lt_0_3r,0.19102924002778326
299,partial_50pct_at_1r,0.5955146200138917
300,baseline,7.059239996725903
300,breakeven_after_0_5r,0.0
300,breakeven_after_1_0r,7.059239996725903
300,exit_at_first_0_5r,0.5
300,exit_at_first_1_0r,1.0
300,trail_0_5r_after_1_0r,6.166834142082678
300,time_exit_after_4_bars_if_mfe_lt_0_3r,7.059239996725903
300,partial_50pct_at_1r,4.029619998362952
301,baseline,0.06695991902109702
301,breakeven_after_0_5r,0.0
301,breakeven_after_1_0r,0.0
301,exit_at_first_0_5r,0.5
301,exit_at_first_1_0r,1.0
301,trail_0_5r_after_1_0r,0.6325260636765009
301,time_exit_after_4_bars_if_mfe_lt_0_3r,0.06695991902109702
301,partial_50pct_at_1r,0.5334799595105485
302,baseline,-0.49216164677450097
302,breakeven_after_0_5r,0.0
302,breakeven_after_1_0r,0.0
302,exit_at_first_0_5r,0.5
302,exit_at_first_1_0r,1.0
302,trail_0_5r_after_1_0r,1.276371877456151
302,time_exit_after_4_bars_if_mfe_lt_0_3r,-0.49216164677450097
302,partial_50pct_at_1r,0.25391917661274954
303,baseline,5.2222190740966115
303,breakeven_after_0_5r,0.0
303,breakeven_after_1_0r,5.2222190740966115
303,exit_at_first_0_5r,0.5
303,exit_at_first_1_0r,1.0
303,trail_0_5r_after_1_0r,1.2262710896510083
303,time_exit_after_4_bars_if_mfe_lt_0_3r,5.2222190740966115
303,partial_50pct_at_1r,3.1111095370483057
304,baseline,18.63523524112096
304,breakeven_after_0_5r,0.0
304,breakeven_after_1_0r,0.0
304,exit_at_first_0_5r,0.5
304,exit_at_first_1_0r,1.0
304,trail_0_5r_after_1_0r,4.586199980111866
304,time_exit_after_4_bars_if_mfe_lt_0_3r,18.63523524112096
304,partial_50pct_at_1r,9.81761762056048
305,baseline,-0.15262559033145864
305,breakeven_after_0_5r,0.0
305,breakeven_after_1_0r,0.0
305,exit_at_first_0_5r,0.5
305,exit_at_first_1_0r,1.0
305,trail_0_5r_after_1_0r,0.8328993875135144
305,time_exit_after_4_bars_if_mfe_lt_0_3r,-0.15262559033145864
305,partial_50pct_at_1r,0.4236872048342707
306,baseline,4.497428123311884
306,breakeven_after_0_5r,0.0
306,breakeven_after_1_0r,4.497428123311884
306,exit_at_first_0_5r,0.5
306,exit_at_first_1_0r,1.0
306,trail_0_5r_after_1_0r,1.0523330323337783
306,time_exit_after_4_bars_if_mfe_lt_0_3r,4.497428123311884
306,partial_50pct_at_1r,2.748714061655942
307,baseline,0.8422800963060005
307,breakeven_after_0_5r,0.0
307,breakeven_after_1_0r,0.0
307,exit_at_first_0_5r,0.5
307,exit_at_first_1_0r,1.0
307,trail_0_5r_after_1_0r,0.5696093363320975
307,time_exit_after_4_bars_if_mfe_lt_0_3r,0.8422800963060005
307,partial_50pct_at_1r,0.9211400481530003
308,baseline,0.2701802895298566
308,breakeven_after_0_5r,0.0
308,breakeven_after_1_0r,0.0
308,exit_at_first_0_5r,0.5
308,exit_at_first_1_0r,1.0
308,trail_0_5r_after_1_0r,1.0036297058746906
308,time_exit_after_4_bars_if_mfe_lt_0_3r,0.2701802895298566
308,partial_50pct_at_1r,0.6350901447649283
309,baseline,2.5077307277843097
309,breakeven_after_0_5r,0.0
309,breakeven_after_1_0r,0.0
309,exit_at_first_0_5r,0.5
309,exit_at_first_1_0r,1.0
309,trail_0_5r_after_1_0r,1.0892464789591618
309,time_exit_after_4_bars_if_mfe_lt_0_3r,2.5077307277843097
309,partial_50pct_at_1r,1.7538653638921549
310,baseline,-1.6133472101583917
310,breakeven_after_0_5r,0.0
310,breakeven_after_1_0r,0.0
310,exit_at_first_0_5r,0.5
310,exit_at_first_1_0r,1.0
310,trail_0_5r_after_1_0r,0.910989730669868
310,time_exit_after_4_bars_if_mfe_lt_0_3r,-1.6133472101583917
310,partial_50pct_at_1r,-0.30667360507919583
311,baseline,-2.6906430980805136
311,breakeven_after_0_5r,0.0
311,breakeven_after_1_0r,0.0
311,exit_at_first_0_5r,0.5
311,exit_at_first_1_0r,1.0
311,trail_0_5r_after_1_0r,0.5253846461356371
311,time_exit_after_4_bars_if_mfe_lt_0_3r,-2.6906430980805136
311,partial_50pct_at_1r,-0.8453215490402568
312,baseline,1.4483675299946401
312,breakeven_after_0_5r,0.0
312,breakeven_after_1_0r,1.4483675299946401
312,exit_at_first_0_5r,0.5
312,exit_at_first_1_0r,1.0
312,trail_0_5r_after_1_0r,1.8967843625647265
312,time_exit_after_4_bars_if_mfe_lt_0_3r,1.4483675299946401
312,partial_50pct_at_1r,1.2241837649973202
313,baseline,4.939513135634943
313,breakeven_after_0_5r,0.0
313,breakeven_after_1_0r,0.0
313,exit_at_first_0_5r,0.5
313,exit_at_first_1_0r,1.0
313,trail_0_5r_after_1_0r,0.6933135519203097
313,time_exit_after_4_bars_if_mfe_lt_0_3r,4.939513135634943
313,partial_50pct_at_1r,2.9697565678174715
314,baseline,6.332006835576865
314,breakeven_after_0_5r,0.0
314,breakeven_after_1_0r,0.0
314,exit_at_first_0_5r,0.5
314,exit_at_first_1_0r,1.0
314,trail_0_5r_after_1_0r,1.858593073361305
314,time_exit_after_4_bars_if_mfe_lt_0_3r,6.332006835576865
314,partial_50pct_at_1r,3.6660034177884326
315,baseline,2.6667230848532935
315,breakeven_after_0_5r,0.0
315,breakeven_after_1_0r,0.0
315,exit_at_first_0_5r,0.5
315,exit_at_first_1_0r,1.0
315,trail_0_5r_after_1_0r,1.9483977465478701
315,time_exit_after_4_bars_if_mfe_lt_0_3r,2.6667230848532935
315,partial_50pct_at_1r,1.8333615424266467
316,baseline,-4.670631433935332
316,breakeven_after_0_5r,0.0
316,breakeven_after_1_0r,0.0
316,exit_at_first_0_5r,0.5
316,exit_at_first_1_0r,1.0
316,trail_0_5r_after_1_0r,1.8396935196587685
316,time_exit_after_4_bars_if_mfe_lt_0_3r,-4.670631433935332
316,partial_50pct_at_1r,-1.8353157169676662
